sensor,n_points,centroid_lat,centroid_lon,max_brightness,sum_frp,max_frp,earliest_detection,latest_detection,duration_hours,centroid_area_label,dataset,region,month
modis,43,40.41148837209301,30.103972093023263,510.0,19396.9,1996.3,2025-07-21 07:02:00,2025-07-21 18:05:00,11.05,Sakarya,clstrd_20250625_35d_turkey,Sakarya,2025-07-01
viirs,282,38.14806865248228,26.969777836879437,,18027.1,441.98,2025-06-29 10:14:00,2025-06-29 12:17:00,2.05,Izmir,clstrd_20250625_35d_turkey,Izmir,2025-06-01
viirs,191,38.24764314136126,26.461218219895283,,16590.770000000004,569.41,2025-07-03 10:39:00,2025-07-03 12:19:00,1.6666666666666667,Izmir,clstrd_20250625_35d_turkey,Izmir,2025-07-01
modis,38,40.35565526315789,30.38015263157894,440.1,16374.7,2979.8,2025-06-27 11:23:00,2025-06-27 18:41:00,7.3,Bilecik,clstrd_20250625_35d_turkey,Bilecik,2025-06-01
modis,33,40.59929393939395,26.954445454545457,500.0,15007.5,1860.0,2025-07-15 11:34:00,2025-07-15 19:03:00,7.483333333333333,Çanakkale,clstrd_20250625_35d_turkey,Çanakkale,2025-07-01
modis,41,38.13939024390243,26.95566097560976,476.7,13760.4,1289.4,2025-06-29 12:39:00,2025-06-29 19:59:00,7.333333333333333,Izmir,clstrd_20250625_35d_turkey,Izmir,2025-06-01
viirs,204,40.61878318627452,26.967236813725485,,13232.65,437.19,2025-07-16 09:56:00,2025-07-16 11:59:00,2.05,Çanakkale,clstrd_20250625_35d_turkey,Çanakkale,2025-07-01
viirs,142,40.4149537323944,30.12240556338028,,11182.82,847.02,2025-07-21 10:02:00,2025-07-21 12:05:00,2.05,Sakarya,clstrd_20250625_35d_turkey,Sakarya,2025-07-01
modis,31,40.34948709677419,30.407425806451617,479.2,10530.999999999998,3247.6,2025-06-28 08:17:00,2025-06-28 12:01:00,3.733333333333333,Bilecik,clstrd_20250625_35d_turkey,Bilecik,2025-06-01
modis,10,40.33069,30.10645,483.0,9967.5,3021.4,2025-07-23 11:50:00,2025-07-23 11:50:00,0.0,Bilecik,clstrd_20250625_35d_turkey,Bilecik,2025-07-01
viirs,87,39.00817988505749,27.931100459770114,,9091.98,661.47,2025-06-28 10:33:00,2025-06-28 12:13:00,1.6666666666666667,Manisa,clstrd_20250625_35d_turkey,Manisa,2025-06-01
modis,33,39.71600303030303,29.074709090909085,481.8,8234.1,2416.5,2025-07-27 12:46:00,2025-07-27 18:45:00,5.983333333333333,Bursa,clstrd_20250625_35d_turkey,Bursa,2025-07-01
modis,16,39.72976875,29.06523125,441.7,7860.6,2206.3,2025-07-28 08:21:00,2025-07-28 11:47:00,3.433333333333333,Bursa,clstrd_20250625_35d_turkey,Bursa,2025-07-01
modis,21,40.62476190476191,26.9856,502.6,7632.299999999998,2394.1,2025-07-16 08:39:00,2025-07-16 12:13:00,3.566666666666667,Çanakkale,clstrd_20250625_35d_turkey,Çanakkale,2025-07-01
modis,12,36.3028,36.14595,479.4,7141.4000000000015,1671.9,2025-06-30 07:58:00,2025-06-30 11:40:00,3.7,Hatay,clstrd_20250625_35d_turkey,Hatay,2025-06-01
modis,19,40.61175789473683,26.962110526315787,502.9,6360.000000000001,2558.8,2025-07-16 01:09:00,2025-07-16 01:09:00,0.0,Çanakkale,clstrd_20250625_35d_turkey,Çanakkale,2025-07-01
modis,17,39.00183529411765,27.92838235294118,427.3,6338.9,928.8,2025-06-28 12:01:00,2025-06-28 12:01:00,0.0,Manisa,clstrd_20250625_35d_turkey,Manisa,2025-06-01
viirs,68,40.38189808823528,30.39662279411764,,6301.699999999999,254.99,2025-06-27 10:52:00,2025-06-27 11:14:00,0.3666666666666666,Bilecik,clstrd_20250625_35d_turkey,Bilecik,2025-06-01
viirs,69,40.35962739130436,30.415397971014485,,5938.11,541.21,2025-06-28 10:33:00,2025-06-28 10:55:00,0.3666666666666666,Bilecik,clstrd_20250625_35d_turkey,Bilecik,2025-06-01
viirs,144,40.61077736111113,26.95946701388888,,5906.51,317.72,2025-07-15 22:55:00,2025-07-16 00:36:00,1.6833333333333331,Çanakkale,clstrd_20250625_35d_turkey,Çanakkale,2025-07-01
viirs,139,38.3035374820144,27.19869007194243,,5188.509999999999,226.38,2025-07-03 22:58:00,2025-07-04 01:01:00,2.05,Izmir,clstrd_20250625_35d_turkey,Izmir,2025-07-01
modis,26,40.264876923076926,29.2525,370.0,4891.799999999999,872.4,2025-07-26 18:06:00,2025-07-27 07:42:00,13.6,Bursa,clstrd_20250625_35d_turkey,Bursa,2025-07-01
modis,17,38.299952941176464,27.214111764705883,448.4,4806.8,946.8,2025-07-03 19:21:00,2025-07-03 19:21:00,0.0,Izmir,clstrd_20250625_35d_turkey,Izmir,2025-07-01
viirs,37,39.73646540540541,29.07104108108108,,4439.469999999999,566.47,2025-07-27 09:49:00,2025-07-27 11:52:00,2.05,Bursa,clstrd_20250625_35d_turkey,Bursa,2025-07-01
viirs,44,38.70678772727273,26.9415975,,4406.17,261.37,2025-06-25 10:11:00,2025-06-25 11:51:00,1.6666666666666667,Izmir,clstrd_20250625_35d_turkey,Izmir,2025-06-01
modis,20,40.42946499999999,30.140145,500.0,4259.200000000001,2033.6,2025-07-20 19:04:00,2025-07-20 19:04:00,0.0,Sakarya,clstrd_20250625_35d_turkey,Sakarya,2025-07-01
viirs,78,36.30550576923077,36.15540410256411,,3649.43,124.21,2025-06-30 09:54:00,2025-06-30 11:34:00,1.6666666666666667,Hatay,clstrd_20250625_35d_turkey,Hatay,2025-06-01
modis,13,41.107861538461535,32.73766153846154,458.3,3503.8,1471.7,2025-07-26 12:08:00,2025-07-26 18:06:00,5.966666666666667,Karabük,clstrd_20250625_35d_turkey,Karabük,2025-07-01
modis,6,38.27253333333333,27.89706666666667,442.7,3288.0,1562.4,2025-07-03 11:59:00,2025-07-03 11:59:00,0.0,Izmir,clstrd_20250625_35d_turkey,Izmir,2025-07-01
modis,8,39.57145,26.1981125,430.0,3177.0999999999995,2074.6,2025-07-15 13:12:00,2025-07-15 19:03:00,5.85,Çanakkale,clstrd_20250625_35d_turkey,Çanakkale,2025-07-01
modis,17,38.34622352941177,26.48908235294118,401.8,2922.6,587.8,2025-07-02 12:58:00,2025-07-02 18:41:00,5.716666666666667,Izmir,clstrd_20250625_35d_turkey,Izmir,2025-07-01
viirs,45,36.34155444444445,36.18263111111112,,2823.95,207.87,2025-07-01 09:35:00,2025-07-01 11:38:00,2.05,Hatay,clstrd_20250625_35d_turkey,Hatay,2025-07-01
viirs,56,38.60371785714285,29.723162499999997,,2649.6,167.97,2025-07-25 10:26:00,2025-07-25 12:07:00,1.6833333333333331,Usak,clstrd_20250625_35d_turkey,Usak,2025-07-01
viirs,33,41.057376363636365,32.78668060606061,,2591.91,284.45,2025-07-25 10:27:00,2025-07-25 10:49:00,0.3666666666666666,Karabük,clstrd_20250625_35d_turkey,Karabük,2025-07-01
modis,10,38.70224999999999,26.932250000000003,384.8,2368.0,1045.5,2025-06-25 11:43:00,2025-06-25 19:00:00,7.283333333333333,Izmir,clstrd_20250625_35d_turkey,Izmir,2025-06-01
modis,25,41.098276,32.81334400000001,403.4,2308.9000000000005,486.2,2025-07-24 01:25:00,2025-07-24 18:25:00,17.0,Karabük,clstrd_20250625_35d_turkey,Karabük,2025-07-01
viirs,50,38.6076084,29.707600200000005,,2286.8300000000004,184.36,2025-07-26 10:08:00,2025-07-26 11:48:00,1.6666666666666667,Usak,clstrd_20250625_35d_turkey,Usak,2025-07-01
modis,5,39.1674,30.49084,432.5,2235.3,1266.0,2025-07-23 11:49:00,2025-07-23 11:49:00,0.0,Afyon,clstrd_20250625_35d_turkey,Afyon,2025-07-01
modis,11,38.26788181818183,26.472736363636365,413.3,2223.1000000000004,538.7,2025-07-03 08:18:00,2025-07-03 11:59:00,3.683333333333333,Izmir,clstrd_20250625_35d_turkey,Izmir,2025-07-01
modis,7,36.81481428571429,36.26282857142857,453.2,2137.9,872.8,2025-07-04 18:21:00,2025-07-04 18:21:00,0.0,Hatay,clstrd_20250625_35d_turkey,Hatay,2025-07-01
viirs,27,38.86534999999999,27.530694074074063,,2115.7200000000003,285.85,2025-07-15 10:37:00,2025-07-15 11:54:00,1.2833333333333334,Manisa,clstrd_20250625_35d_turkey,Manisa,2025-07-01
viirs,55,36.35946018181817,33.85821218181818,,1948.8200000000004,181.49,2025-07-26 10:07:00,2025-07-26 11:47:00,1.6666666666666667,Mersin,clstrd_20250625_35d_turkey,Mersin,2025-07-01
modis,3,38.8541,27.532533333333333,389.4,1925.6,1049.0,2025-07-15 13:11:00,2025-07-15 13:11:00,0.0,Manisa,clstrd_20250625_35d_turkey,Manisa,2025-07-01
modis,13,36.32151538461538,36.13966923076923,383.4,1917.1,441.7,2025-06-30 19:00:00,2025-06-30 19:00:00,0.0,Hatay,clstrd_20250625_35d_turkey,Hatay,2025-06-01
modis,11,41.10161818181818,32.79820909090909,343.4,1913.8,391.7,2025-07-23 17:46:00,2025-07-23 19:24:00,1.6333333333333333,Karabük,clstrd_20250625_35d_turkey,Karabük,2025-07-01
modis,14,38.59274285714285,29.684257142857145,398.5,1834.5,305.7,2025-07-26 12:07:00,2025-07-26 19:43:00,7.6,Usak,clstrd_20250625_35d_turkey,Usak,2025-07-01
viirs,97,40.26845762886599,29.24745154639175,,1800.27,68.27,2025-07-26 22:49:00,2025-07-27 00:30:00,1.6833333333333331,Bursa,clstrd_20250625_35d_turkey,Bursa,2025-07-01
viirs,21,37.48268142857143,42.06091952380953,,1654.7,217.17,2025-07-04 09:01:00,2025-07-04 10:42:00,1.6833333333333331,Sirnak,clstrd_20250625_35d_turkey,Sirnak,2025-07-01
viirs,16,38.0884025,31.58729125,,1460.86,311.46,2025-07-14 10:32:00,2025-07-14 10:55:00,0.3833333333333333,Isparta,clstrd_20250625_35d_turkey,Isparta,2025-07-01
modis,7,36.33421428571428,36.1732,421.4,1368.3,680.0,2025-07-01 07:00:00,2025-07-01 12:18:00,5.3,Hatay,clstrd_20250625_35d_turkey,Hatay,2025-07-01
viirs,25,37.1455708,36.9628236,,1357.73,166.92,2025-06-28 10:32:00,2025-06-28 10:54:00,0.3666666666666666,Gaziantep,clstrd_20250625_35d_turkey,Gaziantep,2025-06-01
modis,3,41.10063333333333,32.693000000000005,401.6,1344.6,817.7,2025-07-26 18:06:00,2025-07-26 18:06:00,0.0,Karabük,clstrd_20250625_35d_turkey,Karabük,2025-07-01
modis,12,36.355291666666666,33.853633333333335,386.2,1326.7,353.4,2025-07-26 01:06:00,2025-07-26 12:07:00,11.016666666666667,Mersin,clstrd_20250625_35d_turkey,Mersin,2025-07-01
modis,11,40.337990909090905,30.09790909090909,390.2,1316.7,537.5,2025-07-22 12:49:00,2025-07-22 18:44:00,5.916666666666667,Bilecik,clstrd_20250625_35d_turkey,Bilecik,2025-07-01
modis,4,46.791,34.05215,462.0,1298.9,945.1,2023-03-08 11:01:00,2023-03-08 11:01:00,0.0,Kherson,clstrd_20221001_180d_ukraine,Kherson,2023-03-01
modis,4,41.053825,32.789925,395.1,1298.7,838.9,2025-07-25 08:01:00,2025-07-25 11:29:00,3.466666666666667,Karabük,clstrd_20250625_35d_turkey,Karabük,2025-07-01
viirs,21,38.93259095238095,27.94607333333333,,1266.65,122.69,2025-06-30 10:17:00,2025-06-30 11:58:00,1.6833333333333331,Manisa,clstrd_20250625_35d_turkey,Manisa,2025-06-01
viirs,35,45.507032285714295,29.435350000000003,,1253.87,113.63,2022-10-13 09:37:00,2022-10-13 12:07:00,2.5,Odessa,clstrd_20221001_180d_ukraine,Odessa,2022-10-01
modis,5,36.75524,39.58456,368.0,1238.5,456.7,2025-06-25 07:57:00,2025-06-25 11:42:00,3.75,Sanliurfa,clstrd_20250625_35d_turkey,Sanliurfa,2025-06-01
viirs,25,41.1098708,32.763478400000004,,1227.26,135.36,2025-07-25 10:27:00,2025-07-25 10:49:00,0.3666666666666666,Karabük,clstrd_20250625_35d_turkey,Karabük,2025-07-01
modis,12,40.381391666666666,30.364975,375.9,1215.2,176.6,2025-06-28 08:17:00,2025-06-28 12:01:00,3.733333333333333,Bilecik,clstrd_20250625_35d_turkey,Bilecik,2025-06-01
viirs,25,40.622052,27.0487468,,1167.9199999999998,90.39,2025-07-15 10:37:00,2025-07-15 12:18:00,1.6833333333333331,Tekirdag,clstrd_20250625_35d_turkey,Tekirdag,2025-07-01
viirs,14,39.19212285714286,30.50929857142857,,1167.59,177.65,2025-07-22 09:43:00,2025-07-22 11:46:00,2.05,Eskisehir,clstrd_20250625_35d_turkey,Eskisehir,2025-07-01
viirs,36,40.43045972222221,30.170512777777773,,1135.95,262.04,2025-07-21 10:02:00,2025-07-21 12:05:00,2.05,Sakarya,clstrd_20250625_35d_turkey,Sakarya,2025-07-01
viirs,10,39.744038,29.096913,,1128.0700000000002,254.3,2025-07-28 09:53:00,2025-07-28 11:33:00,1.6666666666666667,Bursa,clstrd_20250625_35d_turkey,Bursa,2025-07-01
modis,3,38.59816666666666,29.71473333333333,349.5,978.3,444.5,2025-07-25 11:29:00,2025-07-25 13:07:00,1.6333333333333333,Usak,clstrd_20250625_35d_turkey,Usak,2025-07-01
viirs,10,40.289536000000005,30.100789,,927.18,240.83,2025-07-24 10:45:00,2025-07-24 11:08:00,0.3833333333333333,Bilecik,clstrd_20250625_35d_turkey,Bilecik,2025-07-01
viirs,27,36.308121481481486,36.11466074074073,,907.75,76.13,2025-07-01 09:35:00,2025-07-01 11:38:00,2.05,Hatay,clstrd_20250625_35d_turkey,Hatay,2025-07-01
viirs,43,40.38115767441862,30.365391860465117,,812.5699999999999,135.97,2025-06-28 10:33:00,2025-06-28 10:55:00,0.3666666666666666,Bilecik,clstrd_20250625_35d_turkey,Bilecik,2025-06-01
viirs,49,41.10500469387756,32.81877204081633,,808.06,86.91,2025-07-24 09:28:00,2025-07-24 11:08:00,1.6666666666666667,Karabük,clstrd_20250625_35d_turkey,Karabük,2025-07-01
viirs,45,45.51003177777776,29.42714133333333,,801.2199999999999,86.62,2022-10-14 10:07:00,2022-10-14 11:48:00,1.6833333333333331,Odessa,clstrd_20221001_180d_ukraine,Odessa,2022-10-01
viirs,24,41.57261541666666,26.75557791666667,,768.42,100.04,2025-07-14 10:33:00,2025-07-14 12:14:00,1.6833333333333331,Edirne,clstrd_20250625_35d_turkey,Edirne,2025-07-01
modis,4,40.42555,30.176825,423.2,729.0,442.3,2025-07-21 08:39:00,2025-07-21 12:10:00,3.5166666666666666,Sakarya,clstrd_20250625_35d_turkey,Sakarya,2025-07-01
viirs,27,45.50639925925925,29.465705555555555,,723.3600000000001,79.47,2022-10-07 09:50:00,2022-10-07 11:30:00,1.6666666666666667,Odessa,clstrd_20221001_180d_ukraine,Odessa,2022-10-01
modis,4,37.48309999999999,42.0505,368.4,704.2,321.5,2025-07-04 10:59:00,2025-07-04 10:59:00,0.0,Sirnak,clstrd_20250625_35d_turkey,Sirnak,2025-07-01
viirs,9,40.40951777777777,30.07758666666667,,690.89,227.37,2025-07-22 10:06:00,2025-07-22 11:46:00,1.6666666666666667,Sakarya,clstrd_20250625_35d_turkey,Sakarya,2025-07-01
modis,4,46.63545,32.79285,370.1,690.7,287.7,2023-01-19 11:29:00,2023-01-19 11:29:00,0.0,Kherson,clstrd_20221001_180d_ukraine,Kherson,2023-01-01
viirs,12,40.69262166666667,36.4201775,,684.62,145.22,2025-07-17 11:17:00,2025-07-17 11:40:00,0.3833333333333333,Amasya,clstrd_20250625_35d_turkey,Amasya,2025-07-01
viirs,18,39.18147944444444,30.48169944444445,,677.1999999999999,100.7,2025-07-24 10:45:00,2025-07-24 11:08:00,0.3833333333333333,Afyon,clstrd_20250625_35d_turkey,Afyon,2025-07-01
modis,8,41.1111875,32.766525,346.9,659.9,139.7,2025-07-25 08:01:00,2025-07-25 11:29:00,3.466666666666667,Karabük,clstrd_20250625_35d_turkey,Karabük,2025-07-01
viirs,5,40.301836,30.395836000000003,,629.1700000000001,168.59,2025-06-28 10:33:00,2025-06-28 10:55:00,0.3666666666666666,Bilecik,clstrd_20250625_35d_turkey,Bilecik,2025-06-01
modis,7,39.718942857142856,29.119671428571426,351.1,620.8000000000001,168.8,2025-07-28 19:24:00,2025-07-29 01:23:00,5.983333333333333,Bursa,clstrd_20250625_35d_turkey,Bursa,2025-07-01
modis,6,39.18393333333332,30.499116666666666,366.0,613.0,216.2,2025-07-22 07:41:00,2025-07-22 18:44:00,11.05,Afyon,clstrd_20250625_35d_turkey,Afyon,2025-07-01
viirs,12,38.35010833333333,39.20391583333334,,608.42,73.32,2025-07-18 09:17:00,2025-07-18 11:20:00,2.05,Diyarbakir,clstrd_20250625_35d_turkey,Diyarbakir,2025-07-01
viirs,7,47.22276285714286,31.75879857142857,,607.08,222.91,2023-03-05 10:45:00,2023-03-05 11:37:00,0.8666666666666667,Mykolayiv,clstrd_20221001_180d_ukraine,Mykolayiv,2023-03-01
modis,6,37.1109,39.99335,399.9,599.7,232.3,2025-06-30 11:40:00,2025-06-30 11:40:00,0.0,Sanliurfa,clstrd_20250625_35d_turkey,Sanliurfa,2025-06-01
viirs,16,39.173130625,30.494475,,598.89,174.68,2025-07-23 09:46:00,2025-07-23 11:27:00,1.6833333333333331,Afyon,clstrd_20250625_35d_turkey,Afyon,2025-07-01
modis,6,46.41428333333334,34.59131666666667,368.9,597.7,184.4,2022-10-16 11:10:00,2022-10-16 11:10:00,0.0,Kherson,clstrd_20221001_180d_ukraine,Kherson,2022-10-01
viirs,32,40.27292812500001,29.2557553125,,594.3399999999999,40.68,2025-07-27 09:49:00,2025-07-27 11:52:00,2.05,Bursa,clstrd_20250625_35d_turkey,Bursa,2025-07-01
viirs,14,41.01782857142857,32.98112857142856,,581.8000000000001,115.21,2025-07-25 10:27:00,2025-07-25 10:49:00,0.3666666666666666,Karabük,clstrd_20250625_35d_turkey,Karabük,2025-07-01
modis,4,49.674525,36.955725,357.4,567.5,281.0,2023-03-25 09:55:00,2023-03-25 09:55:00,0.0,Kharkiv,clstrd_20221001_180d_ukraine,Kharkiv,2023-03-01
modis,2,38.37755,40.584900000000005,356.7,566.9,318.9,2025-07-14 10:55:00,2025-07-14 10:55:00,0.0,Diyarbakir,clstrd_20250625_35d_turkey,Diyarbakir,2025-07-01
modis,2,37.04965,39.82965,361.1,541.4,386.7,2025-07-04 10:59:00,2025-07-04 10:59:00,0.0,Sanliurfa,clstrd_20250625_35d_turkey,Sanliurfa,2025-07-01
viirs,26,45.321523461538455,28.569542692307696,,536.33,46.74,2022-10-25 10:01:00,2022-10-25 11:41:00,1.6666666666666667,Odessa,clstrd_20221001_180d_ukraine,Odessa,2022-10-01
modis,5,41.17458,27.13634,382.0,516.6,150.6,2025-07-14 12:33:00,2025-07-14 12:33:00,0.0,Tekirdag,clstrd_20250625_35d_turkey,Tekirdag,2025-07-01
modis,3,40.4157,31.00173333333333,405.6,504.6,327.5,2025-06-28 12:01:00,2025-06-28 12:01:00,0.0,Bolu,clstrd_20250625_35d_turkey,Bolu,2025-06-01
modis,7,37.14112857142857,36.96342857142857,375.5,504.1,131.4,2025-06-28 12:00:00,2025-06-28 12:00:00,0.0,Gaziantep,clstrd_20250625_35d_turkey,Gaziantep,2025-06-01
modis,4,38.08335,31.574625000000005,389.0,491.4,306.3,2025-07-14 12:32:00,2025-07-14 12:32:00,0.0,Isparta,clstrd_20250625_35d_turkey,Isparta,2025-07-01
modis,2,37.090050000000005,29.111,349.7,489.3,263.7,2025-07-25 13:06:00,2025-07-25 13:06:00,0.0,Denizli,clstrd_20250625_35d_turkey,Denizli,2025-07-01
viirs,13,37.39540692307691,42.40499692307693,,481.68,154.88,2025-07-03 08:58:00,2025-07-03 11:01:00,2.05,Sirnak,clstrd_20250625_35d_turkey,Sirnak,2025-07-01
viirs,5,38.491542,40.51246,,476.64,181.74,2025-07-21 10:01:00,2025-07-21 10:23:00,0.3666666666666666,Diyarbakir,clstrd_20250625_35d_turkey,Diyarbakir,2025-07-01
modis,6,39.18065,30.48015,378.2,457.4,154.0,2025-07-24 07:22:00,2025-07-24 12:28:00,5.1,Afyon,clstrd_20250625_35d_turkey,Afyon,2025-07-01
modis,2,45.50635,29.441700000000004,382.0,450.8,353.0,2022-10-13 10:40:00,2022-10-13 10:40:00,0.0,Odessa,clstrd_20221001_180d_ukraine,Odessa,2022-10-01
viirs,6,38.819833333333335,30.029241666666667,,446.54,89.67,2025-07-24 10:45:00,2025-07-24 11:08:00,0.3833333333333333,Kütahya,clstrd_20250625_35d_turkey,Kütahya,2025-07-01
viirs,7,38.78882285714286,29.420911428571436,,445.68,137.61,2025-07-20 10:20:00,2025-07-20 12:01:00,1.6833333333333331,Usak,clstrd_20250625_35d_turkey,Usak,2025-07-01
viirs,6,49.55490833333332,36.629638333333325,,445.24,143.94,2022-12-20 00:15:00,2022-12-20 01:04:00,0.8166666666666667,Kharkiv,clstrd_20221001_180d_ukraine,Kharkiv,2022-12-01
modis,4,49.7179,36.722425,391.9,442.1,211.5,2023-03-25 08:15:00,2023-03-25 08:15:00,0.0,Kharkiv,clstrd_20221001_180d_ukraine,Kharkiv,2023-03-01
viirs,11,37.86394,30.599727272727275,,441.38000000000005,131.97,2025-07-10 11:48:00,2025-07-10 11:48:00,0.0,Isparta,clstrd_20250625_35d_turkey,Isparta,2025-07-01
viirs,18,45.29694666666667,28.55999555555556,,434.64,47.62,2022-10-24 11:11:00,2022-10-24 12:00:00,0.8166666666666667,Odessa,clstrd_20221001_180d_ukraine,Odessa,2022-10-01
viirs,20,48.417714,38.389247,,427.4099999999999,72.03,2023-03-23 10:08:00,2023-03-23 11:00:00,0.8666666666666667,Donets'k,clstrd_20221001_180d_ukraine,Donets'k,2023-03-01
modis,2,37.73095000000001,34.7559,338.4,420.2000000000001,224.8,2025-07-22 11:10:00,2025-07-22 11:10:00,0.0,Nigde,clstrd_20250625_35d_turkey,Nigde,2025-07-01
viirs,8,46.414565,34.602812500000006,,409.58,92.78,2022-10-16 11:10:00,2022-10-16 11:10:00,0.0,Kherson,clstrd_20221001_180d_ukraine,Kherson,2022-10-01
viirs,21,36.33114571428571,36.15925619047619,,403.01,147.68,2025-06-30 22:37:00,2025-06-30 23:55:00,1.3,Hatay,clstrd_20250625_35d_turkey,Hatay,2025-06-01
viirs,10,40.62485699999999,30.320852,,401.9,67.54,2025-07-23 11:04:00,2025-07-23 11:27:00,0.3833333333333333,Sakarya,clstrd_20250625_35d_turkey,Sakarya,2025-07-01
viirs,9,40.52700333333333,31.227127777777778,,396.33,76.59,2025-07-15 11:55:00,2025-07-15 11:55:00,0.0,Bolu,clstrd_20250625_35d_turkey,Bolu,2025-07-01
viirs,10,49.808576,36.822204000000006,,392.96,54.72,2023-03-24 10:42:00,2023-03-24 10:42:00,0.0,Kharkiv,clstrd_20221001_180d_ukraine,Kharkiv,2023-03-01
modis,3,38.9493,27.94313333333333,328.8,390.3,134.0,2025-06-29 18:22:00,2025-06-29 18:22:00,0.0,Manisa,clstrd_20250625_35d_turkey,Manisa,2025-06-01
viirs,25,47.90778799999999,39.2811432,,389.76,29.16,2023-03-14 08:48:00,2023-03-14 11:17:00,2.4833333333333334,Luhans'k,clstrd_20221001_180d_ukraine,Luhans'k,2023-03-01
modis,2,49.55525,36.63875,377.1,389.6,256.8,2022-12-20 00:20:00,2022-12-20 00:20:00,0.0,Kharkiv,clstrd_20221001_180d_ukraine,Kharkiv,2022-12-01
viirs,8,45.48186749999999,29.54127125,,387.83,154.52,2023-03-02 23:08:00,2023-03-03 00:49:00,1.6833333333333331,Odessa,clstrd_20221001_180d_ukraine,Odessa,2023-03-01
modis,2,36.94315,39.56755,340.6,384.3,214.8,2025-06-25 07:57:00,2025-06-25 07:57:00,0.0,Sanliurfa,clstrd_20250625_35d_turkey,Sanliurfa,2025-06-01
viirs,10,46.545734,34.515492,,379.09,72.66,2022-10-16 10:21:00,2022-10-16 11:10:00,0.8166666666666667,Kherson,clstrd_20221001_180d_ukraine,Kherson,2022-10-01
modis,8,38.491062500000005,27.9627125,379.6,373.1,149.1,2025-06-30 19:01:00,2025-06-30 19:01:00,0.0,Manisa,clstrd_20250625_35d_turkey,Manisa,2025-06-01
modis,2,40.69005,36.40485,350.8,361.5,212.8,2025-07-17 11:13:00,2025-07-17 11:13:00,0.0,Amasya,clstrd_20250625_35d_turkey,Amasya,2025-07-01
viirs,16,37.93028625,28.130025000000003,,344.16,90.81,2025-06-30 09:55:00,2025-06-30 11:58:00,2.05,Aydin,clstrd_20250625_35d_turkey,Aydin,2025-06-01
viirs,15,47.67269933333333,34.155632,,342.97,61.04,2022-10-08 10:20:00,2022-10-08 10:20:00,0.0,Dnipropetrovs'k,clstrd_20221001_180d_ukraine,Dnipropetrovs'k,2022-10-01
viirs,19,39.82848578947369,32.810117368421054,,339.4800000000001,28.45,2025-07-26 10:08:00,2025-07-26 11:48:00,1.6666666666666667,Ankara,clstrd_20250625_35d_turkey,Ankara,2025-07-01
viirs,13,46.6376823076923,32.792579230769235,,337.33000000000004,38.7,2023-01-19 10:40:00,2023-01-19 11:29:00,0.8166666666666667,Kherson,clstrd_20221001_180d_ukraine,Kherson,2023-01-01
viirs,11,39.50257363636363,28.059216363636367,,335.17,110.93,2025-06-30 09:55:00,2025-06-30 11:58:00,2.05,Balikesir,clstrd_20250625_35d_turkey,Balikesir,2025-06-01
modis,2,37.08765,29.0738,344.3,330.79999999999995,204.2,2025-07-25 13:06:00,2025-07-25 13:06:00,0.0,Denizli,clstrd_20250625_35d_turkey,Denizli,2025-07-01
viirs,10,40.468464,26.674304,,328.97,59.76,2025-07-27 10:12:00,2025-07-27 11:52:00,1.6666666666666667,Çanakkale,clstrd_20250625_35d_turkey,Çanakkale,2025-07-01
modis,4,47.0348,33.008225,359.2,324.1,105.4,2023-03-09 08:47:00,2023-03-09 08:47:00,0.0,Kherson,clstrd_20221001_180d_ukraine,Kherson,2023-03-01
modis,2,38.92765,27.9352,335.6,317.7,162.5,2025-06-30 11:41:00,2025-06-30 11:41:00,0.0,Manisa,clstrd_20250625_35d_turkey,Manisa,2025-06-01
modis,2,40.6206,30.308100000000003,368.5,316.3,236.4,2025-07-23 11:50:00,2025-07-23 11:50:00,0.0,Sakarya,clstrd_20250625_35d_turkey,Sakarya,2025-07-01
viirs,7,37.09971285714285,39.943485714285714,,315.6,61.03,2025-06-28 10:31:00,2025-06-28 10:54:00,0.3833333333333333,Sanliurfa,clstrd_20250625_35d_turkey,Sanliurfa,2025-06-01
modis,5,37.76808,36.8488,352.4,314.9,115.6,2025-07-26 18:05:00,2025-07-26 18:05:00,0.0,K. Maras,clstrd_20250625_35d_turkey,K. Maras,2025-07-01
viirs,10,45.292774,28.573939000000003,,313.92,64.22,2022-10-26 09:42:00,2022-10-26 11:22:00,1.6666666666666667,Odessa,clstrd_20221001_180d_ukraine,Odessa,2022-10-01
modis,4,45.078625,34.9231,329.7,304.1,90.6,2023-03-04 11:28:00,2023-03-04 11:28:00,0.0,Crimea,clstrd_20221001_180d_ukraine,Crimea,2023-03-01
viirs,9,46.16433444444444,32.27326222222222,,301.14,50.83,2023-03-24 10:41:00,2023-03-24 11:29:00,0.8,Kherson,clstrd_20221001_180d_ukraine,Kherson,2023-03-01
viirs,15,45.510286666666666,29.48174,,298.8,29.53,2022-10-01 10:02:00,2022-10-01 10:51:00,0.8166666666666667,Odessa,clstrd_20221001_180d_ukraine,Odessa,2022-10-01
viirs,6,39.51425166666667,27.868258333333333,,295.1,76.78,2025-06-27 10:51:00,2025-06-27 11:14:00,0.3833333333333333,Balikesir,clstrd_20250625_35d_turkey,Balikesir,2025-06-01
viirs,10,40.59516,26.980269,,291.18000000000006,78.95,2025-07-16 00:13:00,2025-07-16 00:36:00,0.3833333333333333,Çanakkale,clstrd_20250625_35d_turkey,Çanakkale,2025-07-01
viirs,19,38.57001842105263,29.67377,,290.79,54.74,2025-07-26 22:49:00,2025-07-27 00:30:00,1.6833333333333331,Usak,clstrd_20250625_35d_turkey,Usak,2025-07-01
viirs,4,38.3752225,40.57865,,289.25,72.69,2025-07-14 10:55:00,2025-07-14 10:55:00,0.0,Diyarbakir,clstrd_20250625_35d_turkey,Diyarbakir,2025-07-01
viirs,10,37.11033700000001,40.258828,,285.70000000000005,138.7,2025-06-30 09:54:00,2025-06-30 10:16:00,0.3666666666666666,Mardin,clstrd_20250625_35d_turkey,Mardin,2025-06-01
viirs,7,41.17707428571429,27.146042857142856,,285.59,54.51,2025-07-14 12:14:00,2025-07-14 12:14:00,0.0,Tekirdag,clstrd_20250625_35d_turkey,Tekirdag,2025-07-01
viirs,9,37.883733333333325,29.362474444444445,,279.11,91.18,2025-07-23 11:04:00,2025-07-23 11:26:00,0.3666666666666666,Denizli,clstrd_20250625_35d_turkey,Denizli,2025-07-01
modis,4,36.2186,32.522925,352.2,278.1,106.4,2025-07-25 19:03:00,2025-07-25 19:03:00,0.0,Antalya,clstrd_20250625_35d_turkey,Antalya,2025-07-01
viirs,3,45.41227,28.30119333333333,,274.24,105.2,2023-03-14 12:09:00,2023-03-14 12:09:00,0.0,Odessa,clstrd_20221001_180d_ukraine,Odessa,2023-03-01
viirs,31,37.77690806451614,36.85021129032257,,265.78000000000003,18.48,2025-07-26 22:27:00,2025-07-27 00:30:00,2.05,K. Maras,clstrd_20250625_35d_turkey,K. Maras,2025-07-01
modis,2,46.15845,32.2747,379.4,257.9,175.9,2023-03-24 10:50:00,2023-03-24 10:50:00,0.0,Kherson,clstrd_20221001_180d_ukraine,Kherson,2023-03-01
viirs,3,39.73981666666666,29.05391,,256.99,153.61,2025-07-28 11:10:00,2025-07-28 11:33:00,0.3833333333333333,Bursa,clstrd_20250625_35d_turkey,Bursa,2025-07-01
viirs,4,39.58732,26.2077375,,256.13,65.15,2025-07-15 12:17:00,2025-07-15 12:17:00,0.0,Çanakkale,clstrd_20250625_35d_turkey,Çanakkale,2025-07-01
modis,3,40.81383333333333,30.8532,381.2,253.3,156.8,2025-07-26 12:08:00,2025-07-26 12:08:00,0.0,Sakarya,clstrd_20250625_35d_turkey,Sakarya,2025-07-01
viirs,12,37.0369275,39.792350000000006,,252.6,41.56,2025-06-27 09:10:00,2025-06-27 11:13:00,2.05,Sanliurfa,clstrd_20250625_35d_turkey,Sanliurfa,2025-06-01
modis,2,49.27295,31.909750000000003,323.1,250.6,135.2,2022-10-21 23:22:00,2022-10-21 23:22:00,0.0,Cherkasy,clstrd_20221001_180d_ukraine,Cherkasy,2022-10-01
viirs,6,37.50765333333333,37.20793833333333,,245.79999999999995,105.16,2025-06-28 10:32:00,2025-06-28 10:54:00,0.3666666666666666,K. Maras,clstrd_20250625_35d_turkey,K. Maras,2025-06-01
modis,3,36.9744,30.83843333333333,355.7,241.0,116.4,2025-07-25 08:02:00,2025-07-25 08:02:00,0.0,Antalya,clstrd_20250625_35d_turkey,Antalya,2025-07-01
modis,4,37.047975,31.165425,369.1,239.1,111.9,2025-07-26 12:07:00,2025-07-26 12:07:00,0.0,Antalya,clstrd_20250625_35d_turkey,Antalya,2025-07-01
modis,3,36.31063333333333,36.1133,349.2,237.5,89.7,2025-07-01 07:00:00,2025-07-01 12:18:00,5.3,Hatay,clstrd_20250625_35d_turkey,Hatay,2025-07-01
viirs,26,37.21081538461538,39.96077307692308,,230.77,13.43,2025-06-25 00:07:00,2025-06-25 00:07:00,0.0,Sanliurfa,clstrd_20250625_35d_turkey,Sanliurfa,2025-06-01
viirs,5,48.938954,37.109912,,230.4,56.55,2023-03-23 11:00:00,2023-03-23 11:00:00,0.0,Kharkiv,clstrd_20221001_180d_ukraine,Kharkiv,2023-03-01
viirs,5,39.804798,28.649832000000004,,220.34,143.85,2025-07-02 10:58:00,2025-07-02 11:20:00,0.3666666666666666,Bursa,clstrd_20250625_35d_turkey,Bursa,2025-07-01
modis,4,38.34834999999999,39.2021,365.9,219.8,96.4,2025-07-18 11:51:00,2025-07-18 11:51:00,0.0,Diyarbakir,clstrd_20250625_35d_turkey,Diyarbakir,2025-07-01
modis,4,37.32145,39.69925,339.1,215.6,58.2,2025-06-26 18:01:00,2025-06-26 18:01:00,0.0,Sanliurfa,clstrd_20250625_35d_turkey,Sanliurfa,2025-06-01
viirs,17,48.63611470588235,39.47981294117647,,213.79,24.8,2023-03-24 09:01:00,2023-03-24 10:41:00,1.6666666666666667,Luhans'k,clstrd_20221001_180d_ukraine,Luhans'k,2023-03-01
viirs,17,47.74629470588235,36.50022235294118,,213.11,41.58,2022-12-02 08:59:00,2022-12-02 10:39:00,1.6666666666666667,Zaporizhia,clstrd_20221001_180d_ukraine,Zaporizhia,2022-12-01
viirs,4,46.0738075,33.9973525,,208.29,74.28,2023-03-09 09:30:00,2023-03-09 09:30:00,0.0,Kherson,clstrd_20221001_180d_ukraine,Kherson,2023-03-01
viirs,2,47.49457000000001,34.686145,,204.77,147.59,2023-03-08 11:30:00,2023-03-08 11:30:00,0.0,Zaporizhia,clstrd_20221001_180d_ukraine,Zaporizhia,2023-03-01
modis,2,37.6876,39.2568,317.0,190.6,106.0,2025-07-20 17:25:00,2025-07-20 17:25:00,0.0,Sanliurfa,clstrd_20250625_35d_turkey,Sanliurfa,2025-07-01
viirs,6,39.20250833333333,27.665143333333333,,184.82,79.56,2025-06-29 11:54:00,2025-06-29 11:54:00,0.0,Manisa,clstrd_20250625_35d_turkey,Manisa,2025-06-01
viirs,14,40.41614357142856,30.11275571428572,,184.52,25.46,2025-07-20 23:01:00,2025-07-21 00:19:00,1.3,Sakarya,clstrd_20250625_35d_turkey,Sakarya,2025-07-01
modis,4,49.80542499999999,36.820575,347.2,184.5,63.6,2023-03-24 10:51:00,2023-03-24 10:51:00,0.0,Kharkiv,clstrd_20221001_180d_ukraine,Kharkiv,2023-03-01
viirs,4,37.7409925,34.7861025,,184.17,69.17,2025-07-22 11:22:00,2025-07-22 11:45:00,0.3833333333333333,Nigde,clstrd_20250625_35d_turkey,Nigde,2025-07-01
viirs,12,37.74759833333332,36.81701916666666,,184.14,31.75,2025-07-27 10:11:00,2025-07-27 11:29:00,1.3,K. Maras,clstrd_20250625_35d_turkey,K. Maras,2025-07-01
modis,2,36.24785,32.52225,341.5,183.7,113.5,2025-07-25 08:02:00,2025-07-25 08:02:00,0.0,Antalya,clstrd_20250625_35d_turkey,Antalya,2025-07-01
modis,2,37.14365000000001,39.96655,325.9,183.3,105.7,2025-06-30 07:58:00,2025-06-30 07:58:00,0.0,Sanliurfa,clstrd_20250625_35d_turkey,Sanliurfa,2025-06-01
viirs,6,49.26628499999999,31.899896666666667,,183.24,64.14,2022-10-21 22:41:00,2022-10-22 00:22:00,1.6833333333333331,Cherkasy,clstrd_20221001_180d_ukraine,Cherkasy,2022-10-01
viirs,11,37.56979909090909,28.92380272727273,,182.59,20.64,2025-07-26 10:07:00,2025-07-26 10:30:00,0.3833333333333333,Denizli,clstrd_20250625_35d_turkey,Denizli,2025-07-01
viirs,9,37.06392777777776,36.64217666666666,,180.24,63.2,2025-06-27 10:50:00,2025-06-27 11:13:00,0.3833333333333333,Gaziantep,clstrd_20250625_35d_turkey,Gaziantep,2025-06-01
modis,3,37.45913333333333,27.5203,369.9,179.59999999999997,110.6,2025-07-04 12:37:00,2025-07-04 12:37:00,0.0,Mugla,clstrd_20250625_35d_turkey,Mugla,2025-07-01
modis,2,48.4157,38.39405,355.4,177.9,137.5,2023-03-23 10:08:00,2023-03-23 10:08:00,0.0,Donets'k,clstrd_20221001_180d_ukraine,Donets'k,2023-03-01
viirs,9,38.346340000000005,39.1804611111111,,175.81,30.26,2025-07-17 09:36:00,2025-07-17 11:16:00,1.6666666666666667,Diyarbakir,clstrd_20250625_35d_turkey,Diyarbakir,2025-07-01
viirs,5,48.876026,29.9694,,172.01999999999998,63.34,2023-03-27 10:34:00,2023-03-27 11:26:00,0.8666666666666667,Cherkasy,clstrd_20221001_180d_ukraine,Cherkasy,2023-03-01
viirs,5,41.11175,27.566484,,168.78,44.37,2025-07-15 10:37:00,2025-07-15 11:55:00,1.3,Tekirdag,clstrd_20250625_35d_turkey,Tekirdag,2025-07-01
viirs,13,38.08551999999999,31.587316153846157,,167.57999999999998,16.93,2025-07-14 22:52:00,2025-07-14 23:15:00,0.3833333333333333,Isparta,clstrd_20250625_35d_turkey,Isparta,2025-07-01
modis,2,40.69654999999999,36.4324,337.1,165.39999999999998,105.6,2025-07-17 11:13:00,2025-07-17 11:13:00,0.0,Amasya,clstrd_20250625_35d_turkey,Amasya,2025-07-01
modis,2,48.192350000000005,39.41145,355.6,165.2,123.6,2023-03-23 10:08:00,2023-03-23 10:08:00,0.0,Luhans'k,clstrd_20221001_180d_ukraine,Luhans'k,2023-03-01
viirs,6,37.07329833333333,40.29884,,162.73,38.86,2025-06-26 11:09:00,2025-06-26 11:09:00,0.0,Mardin,clstrd_20250625_35d_turkey,Mardin,2025-06-01
viirs,7,40.07006142857143,27.82165857142857,,159.09,48.56,2025-07-13 10:52:00,2025-07-13 11:14:00,0.3666666666666666,Balikesir,clstrd_20250625_35d_turkey,Balikesir,2025-07-01
modis,3,36.95516666666666,40.25176666666667,323.8,158.7,66.7,2025-06-28 17:41:00,2025-06-28 17:41:00,0.0,Mardin,clstrd_20250625_35d_turkey,Mardin,2025-06-01
viirs,3,40.85324,33.93254,,158.06,74.31,2025-07-29 10:52:00,2025-07-29 11:15:00,0.3833333333333333,Çankiri,clstrd_20250625_35d_turkey,Çankiri,2025-07-01
viirs,9,37.52759888888889,31.30461666666666,,156.92,33.57,2025-07-01 09:58:00,2025-07-01 11:16:00,1.3,Isparta,clstrd_20250625_35d_turkey,Isparta,2025-07-01
viirs,7,51.56222,31.75130142857143,,156.39,36.56,2023-03-18 10:55:00,2023-03-18 11:43:00,0.8,Chernihiv,clstrd_20221001_180d_ukraine,Chernihiv,2023-03-01
viirs,5,37.340654,36.878112,,155.19,41.59,2025-06-26 09:29:00,2025-06-26 09:29:00,0.0,Gaziantep,clstrd_20250625_35d_turkey,Gaziantep,2025-06-01
modis,2,48.6349,39.47085,351.0,155.0,93.1,2023-03-24 10:51:00,2023-03-24 10:51:00,0.0,Luhans'k,clstrd_20221001_180d_ukraine,Luhans'k,2023-03-01
viirs,9,47.2074,31.77567333333333,,152.1,37.13,2023-02-08 10:14:00,2023-02-08 11:54:00,1.6666666666666667,Mykolayiv,clstrd_20221001_180d_ukraine,Mykolayiv,2023-02-01
modis,2,50.5771,31.19675,320.9,151.8,80.7,2023-03-02 11:43:00,2023-03-02 11:43:00,0.0,Chernihiv,clstrd_20221001_180d_ukraine,Chernihiv,2023-03-01
viirs,3,48.10787666666667,39.50127666666666,,150.1,81.96,2023-03-24 10:41:00,2023-03-24 10:41:00,0.0,Luhans'k,clstrd_20221001_180d_ukraine,Luhans'k,2023-03-01
viirs,12,38.39852166666667,29.6871775,,148.6,14.79,2025-07-24 23:04:00,2025-07-24 23:27:00,0.3833333333333333,Denizli,clstrd_20250625_35d_turkey,Denizli,2025-07-01
viirs,6,41.44140166666666,27.873676666666668,,143.51,28.71,2025-07-14 12:14:00,2025-07-14 12:14:00,0.0,Tekirdag,clstrd_20250625_35d_turkey,Tekirdag,2025-07-01
viirs,4,49.663555,36.8678075,,142.44,35.61,2023-03-23 11:00:00,2023-03-23 11:00:00,0.0,Kharkiv,clstrd_20221001_180d_ukraine,Kharkiv,2023-03-01
viirs,7,37.06265857142858,40.312108571428574,,141.81,41.23,2025-07-02 09:16:00,2025-07-02 09:39:00,0.3833333333333333,Mardin,clstrd_20250625_35d_turkey,Mardin,2025-07-01
viirs,12,38.414203333333326,37.87769833333333,,140.82,20.03,2025-07-28 09:30:00,2025-07-28 11:33:00,2.05,Malatya,clstrd_20250625_35d_turkey,Malatya,2025-07-01
viirs,9,38.85464666666666,29.29411666666667,,140.70999999999998,22.75,2025-07-02 10:58:00,2025-07-02 11:20:00,0.3666666666666666,Kütahya,clstrd_20250625_35d_turkey,Kütahya,2025-07-01
viirs,14,51.046275714285706,30.20797142857143,,139.09,13.45,2023-03-18 09:15:00,2023-03-18 10:55:00,1.6666666666666667,Kiev,clstrd_20221001_180d_ukraine,Kiev,2023-03-01
viirs,15,36.31275866666667,36.11680866666666,,138.16000000000005,13.35,2025-06-30 22:37:00,2025-07-01 00:17:00,1.6666666666666667,Hatay,clstrd_20250625_35d_turkey,Hatay,2025-06-01
modis,4,39.19725,27.6611,342.4,134.3,48.2,2025-06-29 12:40:00,2025-06-29 12:40:00,0.0,Manisa,clstrd_20250625_35d_turkey,Manisa,2025-06-01
modis,2,41.22265,27.70285,362.7,133.8,91.5,2025-07-11 12:15:00,2025-07-11 12:15:00,0.0,Tekirdag,clstrd_20250625_35d_turkey,Tekirdag,2025-07-01
viirs,10,38.295919000000005,39.045684,,132.93,33.8,2025-07-28 09:29:00,2025-07-28 11:10:00,1.6833333333333331,Malatya,clstrd_20250625_35d_turkey,Malatya,2025-07-01
viirs,7,48.590494285714286,30.822101428571425,,132.38,26.86,2023-03-09 10:22:00,2023-03-09 11:11:00,0.8166666666666667,Kirovohrad,clstrd_20221001_180d_ukraine,Kirovohrad,2023-03-01
viirs,2,38.50017,29.57788,,131.9,65.95,2025-06-27 11:13:00,2025-06-27 11:13:00,0.0,Usak,clstrd_20250625_35d_turkey,Usak,2025-06-01
viirs,5,45.72875799999999,34.607082,,128.72,48.02,2022-10-08 09:31:00,2022-10-08 11:11:00,1.6666666666666667,Crimea,clstrd_20221001_180d_ukraine,Crimea,2022-10-01
viirs,16,37.76097375,36.80955375,,125.91,12.97,2025-07-26 22:27:00,2025-07-27 00:07:00,1.6666666666666667,K. Maras,clstrd_20250625_35d_turkey,K. Maras,2025-07-01
viirs,8,47.857935,34.951465,,125.35,29.39,2023-03-05 23:00:00,2023-03-06 00:40:00,1.6666666666666667,Zaporizhia,clstrd_20221001_180d_ukraine,Zaporizhia,2023-03-01
viirs,7,37.52382428571429,35.53167571428572,,125.19,34.68,2025-07-26 10:30:00,2025-07-26 11:48:00,1.3,Adana,clstrd_20250625_35d_turkey,Adana,2025-07-01
modis,3,40.8875,33.78816666666666,327.3,124.6,54.5,2025-07-10 19:02:00,2025-07-10 19:02:00,0.0,Çankiri,clstrd_20250625_35d_turkey,Çankiri,2025-07-01
viirs,10,51.370819,31.580098,,122.59,15.13,2023-03-21 09:07:00,2023-03-21 10:47:00,1.6666666666666667,Chernihiv,clstrd_20221001_180d_ukraine,Chernihiv,2023-03-01
modis,4,39.80567500000001,32.457075,337.8,119.1,43.0,2025-07-10 07:59:00,2025-07-10 07:59:00,0.0,Ankara,clstrd_20250625_35d_turkey,Ankara,2025-07-01
viirs,5,46.990674,32.70120200000001,,118.16,50.35,2023-03-02 10:01:00,2023-03-02 10:53:00,0.8666666666666667,Mykolayiv,clstrd_20221001_180d_ukraine,Mykolayiv,2023-03-01
viirs,18,37.74585666666666,36.83656222222223,,117.28,10.49,2025-07-26 22:27:00,2025-07-27 00:30:00,2.05,K. Maras,clstrd_20250625_35d_turkey,K. Maras,2025-07-01
modis,3,49.778533333333336,37.21996666666666,342.7,116.9,55.2,2023-03-23 08:31:00,2023-03-23 08:31:00,0.0,Kharkiv,clstrd_20221001_180d_ukraine,Kharkiv,2023-03-01
viirs,8,47.75375875,37.00258124999999,,116.45,38.12,2022-12-02 09:48:00,2022-12-02 10:39:00,0.85,Donets'k,clstrd_20221001_180d_ukraine,Donets'k,2022-12-01
viirs,4,47.2869875,34.7564775,,115.98999999999998,46.12,2023-03-07 10:08:00,2023-03-07 10:59:00,0.85,Zaporizhia,clstrd_20221001_180d_ukraine,Zaporizhia,2023-03-01
viirs,7,48.19193428571429,38.30822571428571,,115.88,25.86,2023-03-13 09:55:00,2023-03-13 10:47:00,0.8666666666666667,Donets'k,clstrd_20221001_180d_ukraine,Donets'k,2023-03-01
modis,2,49.66884999999999,36.9707,329.4,114.7,61.4,2023-03-22 07:51:00,2023-03-22 07:51:00,0.0,Kharkiv,clstrd_20221001_180d_ukraine,Kharkiv,2023-03-01
viirs,2,49.796835,30.884545000000003,,114.12,63.19,2022-10-18 11:25:00,2022-10-18 11:25:00,0.0,Kiev,clstrd_20221001_180d_ukraine,Kiev,2022-10-01
viirs,5,48.19918,39.42427,,113.89,33.97,2023-03-23 10:08:00,2023-03-23 11:00:00,0.8666666666666667,Luhans'k,clstrd_20221001_180d_ukraine,Luhans'k,2023-03-01
modis,2,48.45675,34.66675,350.7,113.7,80.4,2023-03-15 11:03:00,2023-03-15 11:03:00,0.0,Dnipropetrovs'k,clstrd_20221001_180d_ukraine,Dnipropetrovs'k,2023-03-01
viirs,2,37.05461999999999,31.168585,,109.83,55.88,2025-07-26 11:47:00,2025-07-26 11:47:00,0.0,Antalya,clstrd_20250625_35d_turkey,Antalya,2025-07-01
modis,2,39.7935,32.453500000000005,339.2,108.5,56.8,2025-07-20 08:00:00,2025-07-20 08:00:00,0.0,Ankara,clstrd_20250625_35d_turkey,Ankara,2025-07-01
modis,3,37.51836666666666,35.53373333333334,353.6,108.2,60.7,2025-07-26 12:07:00,2025-07-26 12:07:00,0.0,Adana,clstrd_20250625_35d_turkey,Adana,2025-07-01
viirs,6,48.372185,38.29595833333334,,108.1,23.44,2023-03-25 11:11:00,2023-03-25 11:11:00,0.0,Donets'k,clstrd_20221001_180d_ukraine,Donets'k,2023-03-01
viirs,6,38.33614833333333,39.741995,,107.18,40.7,2025-07-28 11:10:00,2025-07-28 11:10:00,0.0,Diyarbakir,clstrd_20250625_35d_turkey,Diyarbakir,2025-07-01
viirs,7,48.14018142857143,38.66816857142857,,106.95000000000002,23.11,2023-03-22 09:38:00,2023-03-22 09:38:00,0.0,Donets'k,clstrd_20221001_180d_ukraine,Donets'k,2023-03-01
viirs,3,41.23009666666667,27.099063333333334,,106.5,46.56,2025-07-09 10:27:00,2025-07-09 10:50:00,0.3833333333333333,Tekirdag,clstrd_20250625_35d_turkey,Tekirdag,2025-07-01
viirs,3,39.60879,44.44852333333333,,105.79,38.93,2025-07-23 09:23:00,2025-07-23 09:46:00,0.3833333333333333,Agri,clstrd_20250625_35d_turkey,Agri,2025-07-01
viirs,11,38.080935454545454,31.55889,,104.89,14.92,2025-07-14 22:52:00,2025-07-14 23:15:00,0.3833333333333333,Isparta,clstrd_20250625_35d_turkey,Isparta,2025-07-01
modis,2,47.14815,32.81905,345.0,103.6,70.7,2023-03-20 11:18:00,2023-03-20 11:18:00,0.0,Mykolayiv,clstrd_20221001_180d_ukraine,Mykolayiv,2023-03-01
modis,2,51.36855,31.5813,325.4,103.3,55.6,2023-03-21 10:23:00,2023-03-21 10:23:00,0.0,Chernihiv,clstrd_20221001_180d_ukraine,Chernihiv,2023-03-01
modis,3,45.72533333333333,34.60183333333333,321.4,103.1,46.8,2022-10-08 09:04:00,2022-10-08 10:23:00,1.3166666666666669,Crimea,clstrd_20221001_180d_ukraine,Crimea,2022-10-01
viirs,4,48.514865,33.8202775,,102.92,25.73,2022-10-31 11:30:00,2022-10-31 11:30:00,0.0,Dnipropetrovs'k,clstrd_20221001_180d_ukraine,Dnipropetrovs'k,2022-10-01
viirs,5,38.330158,40.355254,,102.04,35.7,2025-07-19 09:21:00,2025-07-19 09:21:00,0.0,Diyarbakir,clstrd_20250625_35d_turkey,Diyarbakir,2025-07-01
viirs,8,47.5347825,36.6159,,101.91,26.2,2023-03-06 09:38:00,2023-03-06 10:26:00,0.8,Zaporizhia,clstrd_20221001_180d_ukraine,Zaporizhia,2023-03-01
modis,3,47.74243333333334,33.227,339.9,101.8,43.2,2023-03-10 10:48:00,2023-03-10 10:48:00,0.0,Dnipropetrovs'k,clstrd_20221001_180d_ukraine,Dnipropetrovs'k,2023-03-01
viirs,2,38.034490000000005,40.201005,,101.26,66.77,2025-07-03 09:20:00,2025-07-03 09:20:00,0.0,Diyarbakir,clstrd_20250625_35d_turkey,Diyarbakir,2025-07-01
viirs,5,47.891814,38.24725,,101.1,37.57,2023-03-23 11:00:00,2023-03-23 11:00:00,0.0,Donets'k,clstrd_20221001_180d_ukraine,Donets'k,2023-03-01
viirs,5,37.12846800000001,40.24641,,98.8,25.28,2025-07-19 09:20:00,2025-07-19 09:20:00,0.0,Mardin,clstrd_20250625_35d_turkey,Mardin,2025-07-01
viirs,6,48.37966666666666,39.31668166666667,,97.32,22.27,2022-12-06 10:13:00,2022-12-06 11:05:00,0.8666666666666667,Luhans'k,clstrd_20221001_180d_ukraine,Luhans'k,2022-12-01
viirs,3,49.62258666666667,31.746406666666672,,96.78,49.67,2023-02-15 11:23:00,2023-02-15 11:23:00,0.0,Cherkasy,clstrd_20221001_180d_ukraine,Cherkasy,2023-02-01
viirs,4,47.42455,34.2953775,,96.2,58.45,2023-03-04 11:04:00,2023-03-04 11:04:00,0.0,Zaporizhia,clstrd_20221001_180d_ukraine,Zaporizhia,2023-03-01
modis,2,45.12819999999999,35.090500000000006,350.3,96.0,66.2,2023-01-03 08:28:00,2023-01-03 08:28:00,0.0,Crimea,clstrd_20221001_180d_ukraine,Crimea,2023-01-01
viirs,4,41.230405,27.7094775,,95.6,42.14,2025-07-11 11:30:00,2025-07-11 11:53:00,0.3833333333333333,Tekirdag,clstrd_20250625_35d_turkey,Tekirdag,2025-07-01
viirs,2,48.36480999999999,31.17769,,95.23,50.38,2022-10-17 10:52:00,2022-10-17 10:52:00,0.0,Kirovohrad,clstrd_20221001_180d_ukraine,Kirovohrad,2022-10-01
viirs,17,36.21500117647059,32.52116823529412,,94.75,6.46,2025-07-25 22:46:00,2025-07-26 00:27:00,1.6833333333333331,Antalya,clstrd_20250625_35d_turkey,Antalya,2025-07-01
viirs,5,41.425702,27.277046,,94.35,39.86,2025-07-12 11:11:00,2025-07-12 11:34:00,0.3833333333333333,Kirklareli,clstrd_20250625_35d_turkey,Kirklareli,2025-07-01
viirs,5,37.09408199999999,29.096806,,94.21,24.46,2025-07-25 12:06:00,2025-07-25 12:06:00,0.0,Denizli,clstrd_20250625_35d_turkey,Denizli,2025-07-01
viirs,8,39.52806875,44.40915625,,93.73,17.29,2025-07-28 09:29:00,2025-07-28 09:29:00,0.0,Agri,clstrd_20250625_35d_turkey,Agri,2025-07-01
viirs,4,38.119155,40.174795,,93.6,30.29,2025-07-04 10:42:00,2025-07-04 10:42:00,0.0,Diyarbakir,clstrd_20250625_35d_turkey,Diyarbakir,2025-07-01
viirs,2,47.35906499999999,31.614735,,93.42,46.71,2023-02-11 10:58:00,2023-02-11 10:58:00,0.0,Mykolayiv,clstrd_20221001_180d_ukraine,Mykolayiv,2023-02-01
viirs,6,39.60209666666666,27.199395,,93.4,21.44,2025-06-28 10:33:00,2025-06-28 12:13:00,1.6666666666666667,Balikesir,clstrd_20250625_35d_turkey,Balikesir,2025-06-01
viirs,3,47.72220333333333,37.21273333333333,,93.4,31.7,2022-10-22 10:58:00,2022-10-22 10:58:00,0.0,Donets'k,clstrd_20221001_180d_ukraine,Donets'k,2022-10-01
viirs,4,37.360945,36.634265000000006,,93.14,42.23,2025-07-27 09:48:00,2025-07-27 10:11:00,0.3833333333333333,K. Maras,clstrd_20250625_35d_turkey,K. Maras,2025-07-01
viirs,7,49.153380000000006,34.63525428571428,,92.4,17.5,2023-03-22 10:27:00,2023-03-22 11:19:00,0.8666666666666667,Poltava,clstrd_20221001_180d_ukraine,Poltava,2023-03-01
viirs,8,38.611185000000006,31.16693625,,91.65,16.96,2025-06-30 10:17:00,2025-06-30 11:58:00,1.6833333333333331,Afyon,clstrd_20250625_35d_turkey,Afyon,2025-06-01
viirs,9,47.87484666666667,35.15397777777778,,90.35,13.33,2022-10-06 22:23:00,2022-10-07 00:52:00,2.4833333333333334,Zaporizhia,clstrd_20221001_180d_ukraine,Zaporizhia,2022-10-01
modis,2,47.9045,39.27875,348.2,89.3,67.3,2023-03-14 10:21:00,2023-03-14 10:21:00,0.0,Luhans'k,clstrd_20221001_180d_ukraine,Luhans'k,2023-03-01
modis,2,37.49235,42.0384,352.6,89.2,52.2,2025-07-05 11:37:00,2025-07-05 11:37:00,0.0,Sirnak,clstrd_20250625_35d_turkey,Sirnak,2025-07-01
viirs,3,41.94750666666667,26.58945,,89.16,40.53,2025-07-27 10:12:00,2025-07-27 11:53:00,1.6833333333333331,Edirne,clstrd_20250625_35d_turkey,Edirne,2025-07-01
viirs,5,37.464524,27.524972,,89.07999999999998,21.72,2025-07-04 12:00:00,2025-07-04 12:00:00,0.0,Mugla,clstrd_20250625_35d_turkey,Mugla,2025-07-01
viirs,4,41.51467,26.9610075,,88.88,22.22,2025-07-16 11:36:00,2025-07-16 11:36:00,0.0,Edirne,clstrd_20250625_35d_turkey,Edirne,2025-07-01
viirs,5,50.579464,31.207332,,88.69,20.18,2023-03-02 11:43:00,2023-03-02 11:43:00,0.0,Chernihiv,clstrd_20221001_180d_ukraine,Chernihiv,2023-03-01
modis,2,40.016850000000005,32.7469,337.8,85.1,57.3,2025-07-20 08:00:00,2025-07-20 08:00:00,0.0,Ankara,clstrd_20250625_35d_turkey,Ankara,2025-07-01
viirs,4,48.1746225,39.7502075,,84.41,32.43,2023-03-24 09:01:00,2023-03-24 10:41:00,1.6666666666666667,Luhans'k,clstrd_20221001_180d_ukraine,Luhans'k,2023-03-01
modis,2,47.921600000000005,39.18355,320.7,84.4,45.6,2023-03-22 11:04:00,2023-03-22 11:04:00,0.0,Luhans'k,clstrd_20221001_180d_ukraine,Luhans'k,2023-03-01
viirs,4,39.17777499999999,30.4977175,,83.38,27.78,2025-07-23 00:05:00,2025-07-23 00:05:00,0.0,Afyon,clstrd_20250625_35d_turkey,Afyon,2025-07-01
viirs,7,49.37709285714285,23.50156428571429,,82.46000000000001,13.68,2023-01-02 11:00:00,2023-01-02 11:49:00,0.8166666666666667,L'viv,clstrd_20221001_180d_ukraine,L'viv,2023-01-01
viirs,6,46.61069666666666,35.09014166666667,,82.19,26.47,2023-02-11 10:09:00,2023-02-11 11:50:00,1.6833333333333331,Zaporizhia,clstrd_20221001_180d_ukraine,Zaporizhia,2023-02-01
viirs,7,36.35722,33.82869,,82.12,14.37,2025-07-25 22:46:00,2025-07-26 00:26:00,1.6666666666666667,Mersin,clstrd_20250625_35d_turkey,Mersin,2025-07-01
viirs,3,49.81413333333333,32.243766666666666,,81.65,29.67,2023-03-27 10:34:00,2023-03-27 11:26:00,0.8666666666666667,Cherkasy,clstrd_20221001_180d_ukraine,Cherkasy,2023-03-01
modis,2,47.16985,37.0231,342.2,81.1,50.6,2023-03-05 10:33:00,2023-03-05 10:33:00,0.0,Donets'k,clstrd_20221001_180d_ukraine,Donets'k,2023-03-01
viirs,4,37.1328225,40.503775,,80.61,36.54,2025-07-03 09:20:00,2025-07-03 09:20:00,0.0,Mardin,clstrd_20250625_35d_turkey,Mardin,2025-07-01
viirs,3,48.41609666666667,32.720333333333336,,79.73,34.35,2023-03-05 11:38:00,2023-03-05 11:38:00,0.0,Kirovohrad,clstrd_20221001_180d_ukraine,Kirovohrad,2023-03-01
viirs,8,50.28519625,32.1121775,,79.21000000000001,13.76,2023-03-20 11:05:00,2023-03-20 11:58:00,0.8833333333333333,Kiev,clstrd_20221001_180d_ukraine,Kiev,2023-03-01
viirs,3,47.97564,35.47996,,78.32,42.04,2022-10-15 09:49:00,2022-10-15 09:49:00,0.0,Zaporizhia,clstrd_20221001_180d_ukraine,Zaporizhia,2022-10-01
modis,2,37.87225,32.56115,336.1,78.0,42.1,2025-06-25 11:42:00,2025-06-25 11:42:00,0.0,Konya,clstrd_20250625_35d_turkey,Konya,2025-06-01
viirs,9,45.81648777777778,33.49181,,77.48,9.68,2023-03-09 09:30:00,2023-03-09 11:10:00,1.6666666666666667,Crimea,clstrd_20221001_180d_ukraine,Crimea,2023-03-01
viirs,2,37.538875,28.13501,,76.82,57.25,2025-07-02 10:57:00,2025-07-02 10:57:00,0.0,Aydin,clstrd_20250625_35d_turkey,Aydin,2025-07-01
viirs,7,49.15094285714285,33.299484285714286,,75.78,14.03,2023-03-19 09:43:00,2023-03-19 11:24:00,1.6833333333333331,Poltava,clstrd_20221001_180d_ukraine,Poltava,2023-03-01
modis,2,40.19595,26.46715,310.3,73.2,39.0,2025-07-14 18:24:00,2025-07-14 18:24:00,0.0,Çanakkale,clstrd_20250625_35d_turkey,Çanakkale,2025-07-01
viirs,3,51.143536666666655,30.908096666666665,,72.64,33.92,2023-03-19 10:36:00,2023-03-19 11:24:00,0.8,Chernihiv,clstrd_20221001_180d_ukraine,Chernihiv,2023-03-01
viirs,11,50.18435454545455,32.43320727272727,,71.85,9.57,2022-10-31 09:01:00,2022-10-31 11:30:00,2.4833333333333334,Poltava,clstrd_20221001_180d_ukraine,Poltava,2022-10-01
viirs,5,39.857308,32.536304,,71.35,28.48,2025-07-02 11:20:00,2025-07-02 11:20:00,0.0,Ankara,clstrd_20250625_35d_turkey,Ankara,2025-07-01
viirs,5,49.627244,23.873976,,71.12,16.11,2023-03-20 11:05:00,2023-03-20 11:57:00,0.8666666666666667,L'viv,clstrd_20221001_180d_ukraine,L'viv,2023-03-01
viirs,5,41.85539399999999,26.719314,,70.69,29.02,2025-06-27 10:52:00,2025-06-27 11:14:00,0.3666666666666666,Edirne,clstrd_20250625_35d_turkey,Edirne,2025-06-01
viirs,9,48.38045555555555,36.26203222222222,,70.33,9.62,2022-10-08 09:31:00,2022-10-08 11:12:00,1.6833333333333331,Dnipropetrovs'k,clstrd_20221001_180d_ukraine,Dnipropetrovs'k,2022-10-01
viirs,5,49.480076,31.458622,,70.16,29.9,2023-03-14 09:37:00,2023-03-14 09:37:00,0.0,Cherkasy,clstrd_20221001_180d_ukraine,Cherkasy,2023-03-01
viirs,6,49.769531666666666,31.75596333333333,,67.84,16.01,2023-03-02 09:14:00,2023-03-02 10:54:00,1.6666666666666667,Cherkasy,clstrd_20221001_180d_ukraine,Cherkasy,2023-03-01
modis,2,37.2127,40.0962,335.1,67.6,43.3,2025-07-02 00:18:00,2025-07-02 00:18:00,0.0,Mardin,clstrd_20250625_35d_turkey,Mardin,2025-07-01
viirs,4,49.46234249999999,34.68548,,67.22,19.4,2023-03-23 11:00:00,2023-03-23 11:00:00,0.0,Poltava,clstrd_20221001_180d_ukraine,Poltava,2023-03-01
viirs,4,48.35621,26.45698,,67.0,20.62,2023-02-24 10:14:00,2023-02-24 11:06:00,0.8666666666666667,Chernivtsi,clstrd_20221001_180d_ukraine,Chernivtsi,2023-02-01
viirs,2,46.98220499999999,32.65687,,66.03999999999999,34.66,2023-03-23 10:08:00,2023-03-23 10:08:00,0.0,Mykolayiv,clstrd_20221001_180d_ukraine,Mykolayiv,2023-03-01
modis,2,36.56269999999999,32.4204,328.7,66.0,43.2,2025-07-25 19:03:00,2025-07-25 19:03:00,0.0,Antalya,clstrd_20250625_35d_turkey,Antalya,2025-07-01
viirs,4,37.3005475,37.136175,,65.1,29.51,2025-07-12 09:29:00,2025-07-12 09:52:00,0.3833333333333333,Gaziantep,clstrd_20250625_35d_turkey,Gaziantep,2025-07-01
viirs,4,48.01050000000001,38.1585725,,64.95,22.04,2022-10-18 11:24:00,2022-10-18 11:24:00,0.0,Donets'k,clstrd_20221001_180d_ukraine,Donets'k,2022-10-01
viirs,2,39.456665,27.619285,,64.85,59.3,2025-07-04 10:20:00,2025-07-04 10:43:00,0.3833333333333333,Balikesir,clstrd_20250625_35d_turkey,Balikesir,2025-07-01
modis,2,37.25725,40.06575,347.0,64.8,39.0,2025-06-26 06:59:00,2025-06-26 06:59:00,0.0,Mardin,clstrd_20250625_35d_turkey,Mardin,2025-06-01
viirs,3,45.81459666666666,33.49223666666666,,63.07,22.68,2023-03-08 10:40:00,2023-03-08 10:40:00,0.0,Crimea,clstrd_20221001_180d_ukraine,Crimea,2023-03-01
viirs,6,38.75526,39.15528333333334,,62.03000000000001,12.64,2025-07-29 10:51:00,2025-07-29 11:14:00,0.3833333333333333,Elazığ,clstrd_20250625_35d_turkey,Elazığ,2025-07-01
viirs,3,37.05453333333333,40.17328666666668,,61.77,21.61,2025-07-05 10:23:00,2025-07-05 10:23:00,0.0,Mardin,clstrd_20250625_35d_turkey,Mardin,2025-07-01
viirs,7,49.14412428571429,31.488291428571426,,61.65,11.01,2022-10-29 09:38:00,2022-10-29 10:27:00,0.8166666666666667,Cherkasy,clstrd_20221001_180d_ukraine,Cherkasy,2022-10-01
viirs,6,41.4865,27.365998333333337,,61.33,13.23,2025-07-09 12:08:00,2025-07-09 12:08:00,0.0,Kirklareli,clstrd_20250625_35d_turkey,Kirklareli,2025-07-01
viirs,3,37.04525666666667,27.27354,,61.11,25.34,2025-07-27 10:11:00,2025-07-27 10:11:00,0.0,Mugla,clstrd_20250625_35d_turkey,Mugla,2025-07-01
viirs,3,37.03977333333333,35.22305,,59.98,24.17,2025-07-01 11:38:00,2025-07-01 11:38:00,0.0,Adana,clstrd_20250625_35d_turkey,Adana,2025-07-01
modis,2,39.7949,37.08725,328.9,59.8,30.8,2025-07-17 07:40:00,2025-07-17 07:40:00,0.0,Sivas,clstrd_20250625_35d_turkey,Sivas,2025-07-01
viirs,3,38.46119333333333,42.79088000000001,,59.57,23.85,2025-07-03 10:38:00,2025-07-03 11:01:00,0.3833333333333333,Van,clstrd_20250625_35d_turkey,Van,2025-07-01
viirs,7,36.34267857142856,33.84244857142857,,59.370000000000005,10.57,2025-07-26 10:07:00,2025-07-26 10:29:00,0.3666666666666666,Mersin,clstrd_20250625_35d_turkey,Mersin,2025-07-01
viirs,3,37.634773333333335,38.09905333333334,,58.9,21.06,2025-07-22 11:22:00,2025-07-22 11:22:00,0.0,Adiyaman,clstrd_20250625_35d_turkey,Adiyaman,2025-07-01
viirs,3,37.26683666666666,41.07937,,58.73,24.78,2025-06-29 10:35:00,2025-06-29 10:35:00,0.0,Mardin,clstrd_20250625_35d_turkey,Mardin,2025-06-01
viirs,5,50.71470800000001,24.379714000000003,,58.58,26.4,2023-03-23 11:01:00,2023-03-23 11:50:00,0.8166666666666667,Volyn,clstrd_20221001_180d_ukraine,Volyn,2023-03-01
viirs,4,38.1682275,37.815285,,58.09,23.27,2025-07-12 09:52:00,2025-07-12 11:33:00,1.6833333333333331,Malatya,clstrd_20250625_35d_turkey,Malatya,2025-07-01
viirs,8,51.3079425,33.89141,,57.8,10.61,2023-03-21 09:06:00,2023-03-21 11:39:00,2.55,Sumy,clstrd_20221001_180d_ukraine,Sumy,2023-03-01
modis,2,48.3768,36.25985,330.0,57.6,32.4,2022-10-08 10:24:00,2022-10-08 10:24:00,0.0,Dnipropetrovs'k,clstrd_20221001_180d_ukraine,Dnipropetrovs'k,2022-10-01
viirs,3,47.60287999999999,35.73805666666667,,57.41,25.76,2023-03-04 10:15:00,2023-03-04 11:04:00,0.8166666666666667,Zaporizhia,clstrd_20221001_180d_ukraine,Zaporizhia,2023-03-01
viirs,3,46.94857,32.508590000000005,,56.81999999999999,24.63,2023-03-04 10:15:00,2023-03-04 10:15:00,0.0,Mykolayiv,clstrd_20221001_180d_ukraine,Mykolayiv,2023-03-01
viirs,2,39.81785000000001,32.09669,,55.82,29.6,2025-07-17 09:59:00,2025-07-17 09:59:00,0.0,Ankara,clstrd_20250625_35d_turkey,Ankara,2025-07-01
viirs,5,41.359986,27.375756000000003,,55.75,18.29,2025-07-27 11:53:00,2025-07-27 11:53:00,0.0,Kirklareli,clstrd_20250625_35d_turkey,Kirklareli,2025-07-01
viirs,4,49.01195,32.77946,,54.66000000000001,26.93,2023-03-22 09:39:00,2023-03-22 10:27:00,0.8,Cherkasy,clstrd_20221001_180d_ukraine,Cherkasy,2023-03-01
viirs,3,46.12019,33.82443000000001,,54.010000000000005,23.27,2022-10-06 09:17:00,2022-10-06 09:17:00,0.0,Crimea,clstrd_20221001_180d_ukraine,Crimea,2022-10-01
viirs,4,39.3684625,34.20102,,53.43,16.22,2025-07-27 11:29:00,2025-07-27 11:29:00,0.0,Kirsehir,clstrd_20250625_35d_turkey,Kirsehir,2025-07-01
viirs,2,47.85878,33.44964,,52.21,31.8,2023-02-21 23:25:00,2023-02-21 23:25:00,0.0,Dnipropetrovs'k,clstrd_20221001_180d_ukraine,Dnipropetrovs'k,2023-02-01
viirs,7,50.00197142857143,32.420178571428565,,51.43,11.51,2023-03-21 09:58:00,2023-03-21 11:38:00,1.6666666666666667,Poltava,clstrd_20221001_180d_ukraine,Poltava,2023-03-01
viirs,3,37.39040666666666,37.19915666666666,,51.28,21.3,2025-07-08 10:44:00,2025-07-08 11:07:00,0.3833333333333333,K. Maras,clstrd_20250625_35d_turkey,K. Maras,2025-07-01
viirs,5,51.272046,31.783738000000007,,50.98,14.33,2022-10-15 09:50:00,2022-10-15 11:30:00,1.6666666666666667,Chernihiv,clstrd_20221001_180d_ukraine,Chernihiv,2022-10-01
modis,2,39.16685000000001,39.0445,332.8,50.6,26.3,2025-07-25 11:29:00,2025-07-25 11:29:00,0.0,Tunceli,clstrd_20250625_35d_turkey,Tunceli,2025-07-01
viirs,2,50.26159,31.157025,,50.18,32.43,2023-03-20 09:25:00,2023-03-20 09:25:00,0.0,Kiev,clstrd_20221001_180d_ukraine,Kiev,2023-03-01
modis,2,49.45895,31.45385,320.7,48.8,25.5,2023-03-14 08:55:00,2023-03-14 08:55:00,0.0,Cherkasy,clstrd_20221001_180d_ukraine,Cherkasy,2023-03-01
modis,2,41.21664999999999,27.739400000000003,328.5,47.6,25.0,2025-07-13 08:19:00,2025-07-13 08:19:00,0.0,Tekirdag,clstrd_20250625_35d_turkey,Tekirdag,2025-07-01
viirs,2,47.19815,31.80546,,47.33,25.91,2023-02-08 11:54:00,2023-02-08 11:54:00,0.0,Mykolayiv,clstrd_20221001_180d_ukraine,Mykolayiv,2023-02-01
viirs,3,47.69214333333333,34.75120333333333,,47.25,15.75,2023-03-02 10:01:00,2023-03-02 10:01:00,0.0,Dnipropetrovs'k,clstrd_20221001_180d_ukraine,Dnipropetrovs'k,2023-03-01
viirs,2,40.88161,34.898365,,46.98,24.89,2025-07-10 11:48:00,2025-07-10 11:49:00,0.0166666666666666,Çorum,clstrd_20250625_35d_turkey,Çorum,2025-07-01
viirs,3,51.97944000000001,33.22456666666667,,46.86,15.62,2023-03-20 10:17:00,2023-03-20 10:17:00,0.0,Chernihiv,clstrd_20221001_180d_ukraine,Chernihiv,2023-03-01
viirs,3,48.52702333333334,26.581556666666668,,46.1,19.77,2023-03-14 11:17:00,2023-03-14 11:17:00,0.0,Khmel'nyts'kyy,clstrd_20221001_180d_ukraine,Khmel'nyts'kyy,2023-03-01
viirs,2,37.56901499999999,28.031405,,45.89,25.91,2025-07-04 12:00:00,2025-07-04 12:00:00,0.0,Aydin,clstrd_20250625_35d_turkey,Aydin,2025-07-01
viirs,4,49.015325,33.77611,,45.28,22.13,2023-03-21 09:57:00,2023-03-21 10:46:00,0.8166666666666667,Poltava,clstrd_20221001_180d_ukraine,Poltava,2023-03-01
viirs,2,37.577675,38.03162,,45.22,39.61,2025-06-29 10:35:00,2025-06-29 10:35:00,0.0,Adiyaman,clstrd_20250625_35d_turkey,Adiyaman,2025-06-01
viirs,3,40.698483333333336,26.085796666666667,,44.53,32.23,2025-07-27 11:30:00,2025-07-27 11:52:00,0.3666666666666666,Edirne,clstrd_20250625_35d_turkey,Edirne,2025-07-01
viirs,2,46.95434,32.67204500000001,,44.5,25.27,2023-02-17 09:57:00,2023-02-17 09:57:00,0.0,Mykolayiv,clstrd_20221001_180d_ukraine,Mykolayiv,2023-02-01
viirs,3,36.82614666666666,37.64537666666666,,44.41,21.27,2025-07-01 09:35:00,2025-07-01 09:58:00,0.3833333333333333,Gaziantep,clstrd_20250625_35d_turkey,Gaziantep,2025-07-01
viirs,4,39.2981925,30.707055,,44.15,14.38,2025-07-04 10:20:00,2025-07-04 10:20:00,0.0,Eskisehir,clstrd_20250625_35d_turkey,Eskisehir,2025-07-01
viirs,3,49.58065000000001,23.49362333333333,,44.15,20.74,2023-03-19 11:24:00,2023-03-19 12:16:00,0.8666666666666667,L'viv,clstrd_20221001_180d_ukraine,L'viv,2023-03-01
viirs,4,48.4263675,29.607145000000003,,44.12,11.03,2022-11-03 11:24:00,2022-11-03 11:24:00,0.0,Vinnytsya,clstrd_20221001_180d_ukraine,Vinnytsya,2022-11-01
viirs,3,48.29973666666666,33.84583666666666,,44.09,18.84,2022-10-09 10:53:00,2022-10-09 10:53:00,0.0,Dnipropetrovs'k,clstrd_20221001_180d_ukraine,Dnipropetrovs'k,2022-10-01
viirs,3,40.18546666666666,31.494353333333333,,44.05,16.77,2025-06-26 09:52:00,2025-06-26 09:52:00,0.0,Ankara,clstrd_20250625_35d_turkey,Ankara,2025-06-01
viirs,3,37.33282,33.096756666666664,,43.69,20.57,2025-07-27 11:29:00,2025-07-27 11:29:00,0.0,Karaman,clstrd_20250625_35d_turkey,Karaman,2025-07-01
viirs,4,37.8678,27.9025375,,43.2,10.8,2025-07-27 11:52:00,2025-07-27 11:52:00,0.0,Aydin,clstrd_20250625_35d_turkey,Aydin,2025-07-01
viirs,2,48.47467,30.975195000000003,,42.98,29.47,2022-11-09 12:01:00,2022-11-09 12:01:00,0.0,Kirovohrad,clstrd_20221001_180d_ukraine,Kirovohrad,2022-11-01
viirs,3,48.89270666666666,35.78963666666667,,42.97,22.1,2022-11-13 11:37:00,2022-11-13 11:37:00,0.0,Dnipropetrovs'k,clstrd_20221001_180d_ukraine,Dnipropetrovs'k,2022-11-01
viirs,5,51.37978199999999,31.25038,,42.78999999999999,11.62,2023-03-21 09:07:00,2023-03-21 10:47:00,1.6666666666666667,Chernihiv,clstrd_20221001_180d_ukraine,Chernihiv,2023-03-01
viirs,4,37.37054750000001,36.768262500000006,,42.78,11.75,2025-06-27 09:33:00,2025-06-27 11:13:00,1.6666666666666667,K. Maras,clstrd_20250625_35d_turkey,K. Maras,2025-06-01
viirs,2,36.21226,32.51874,,42.44,23.92,2025-07-28 00:12:00,2025-07-28 00:12:00,0.0,Antalya,clstrd_20250625_35d_turkey,Antalya,2025-07-01
viirs,2,39.863205,30.807905000000005,,41.86,23.19,2025-07-06 11:46:00,2025-07-06 11:46:00,0.0,Eskisehir,clstrd_20250625_35d_turkey,Eskisehir,2025-07-01
viirs,4,39.6794525,44.4698575,,41.85,13.13,2025-07-09 08:46:00,2025-07-09 09:08:00,0.3666666666666666,Agri,clstrd_20250625_35d_turkey,Agri,2025-07-01
viirs,6,37.400335000000005,37.189945,,41.84,7.3,2025-06-30 22:37:00,2025-06-30 22:37:00,0.0,K. Maras,clstrd_20250625_35d_turkey,K. Maras,2025-06-01
viirs,4,41.7779925,26.897445,,41.34,15.7,2025-06-29 11:55:00,2025-06-29 12:18:00,0.3833333333333333,Edirne,clstrd_20250625_35d_turkey,Edirne,2025-06-01
viirs,3,36.34772,33.46153,,41.1,19.1,2025-07-03 11:00:00,2025-07-03 11:00:00,0.0,Mersin,clstrd_20250625_35d_turkey,Mersin,2025-07-01
viirs,3,46.78792000000001,32.046020000000006,,40.98,16.08,2023-03-03 11:23:00,2023-03-03 11:23:00,0.0,Mykolayiv,clstrd_20221001_180d_ukraine,Mykolayiv,2023-03-01
viirs,3,37.060300000000005,27.358716666666663,,40.87,26.5,2025-06-30 11:35:00,2025-06-30 11:57:00,0.3666666666666666,Mugla,clstrd_20250625_35d_turkey,Mugla,2025-06-01
viirs,2,47.788245,32.184855,,40.59,31.53,2023-02-10 10:28:00,2023-02-10 11:17:00,0.8166666666666667,Kirovohrad,clstrd_20221001_180d_ukraine,Kirovohrad,2023-02-01
viirs,4,48.41354249999999,26.9870125,,40.400000000000006,19.76,2023-02-18 11:19:00,2023-02-18 11:19:00,0.0,Chernivtsi,clstrd_20221001_180d_ukraine,Chernivtsi,2023-02-01
viirs,2,50.05299,28.060555,,40.0,22.23,2023-03-23 09:21:00,2023-03-23 09:21:00,0.0,Zhytomyr,clstrd_20221001_180d_ukraine,Zhytomyr,2023-03-01
viirs,2,37.91732499999999,32.56663,,39.42,22.87,2025-07-04 10:42:00,2025-07-04 10:42:00,0.0,Konya,clstrd_20250625_35d_turkey,Konya,2025-07-01
viirs,4,37.18882249999999,36.8641325,,39.08,11.13,2025-06-27 11:13:00,2025-06-27 11:13:00,0.0,Gaziantep,clstrd_20250625_35d_turkey,Gaziantep,2025-06-01
viirs,4,40.64186,27.127202500000003,,38.790000000000006,10.56,2025-06-25 11:52:00,2025-06-25 11:52:00,0.0,Tekirdag,clstrd_20250625_35d_turkey,Tekirdag,2025-06-01
viirs,3,45.974463333333325,33.95585,,38.69,16.72,2023-03-09 10:21:00,2023-03-09 11:10:00,0.8166666666666667,Crimea,clstrd_20221001_180d_ukraine,Crimea,2023-03-01
viirs,4,48.4561025,29.6342525,,38.55,13.86,2022-10-29 10:27:00,2022-10-29 12:08:00,1.6833333333333331,Vinnytsya,clstrd_20221001_180d_ukraine,Vinnytsya,2022-10-01
viirs,6,49.20073999999999,34.535176666666665,,38.21,8.3,2022-12-03 09:30:00,2022-12-03 11:10:00,1.6666666666666667,Poltava,clstrd_20221001_180d_ukraine,Poltava,2022-12-01
viirs,5,50.226986,32.874996,,38.14,8.95,2023-03-21 09:06:00,2023-03-21 10:46:00,1.6666666666666667,Poltava,clstrd_20221001_180d_ukraine,Poltava,2023-03-01
viirs,3,48.45210333333333,31.54913333333333,,38.13,21.63,2023-03-20 11:05:00,2023-03-20 11:05:00,0.0,Kirovohrad,clstrd_20221001_180d_ukraine,Kirovohrad,2023-03-01
viirs,2,36.81694999999999,37.348145,,38.01,19.81,2025-07-12 09:29:00,2025-07-12 09:29:00,0.0,Kilis,clstrd_20250625_35d_turkey,Kilis,2025-07-01
viirs,5,39.22529,37.824226,,37.59,8.15,2025-07-29 09:34:00,2025-07-29 09:34:00,0.0,Sivas,clstrd_20250625_35d_turkey,Sivas,2025-07-01
viirs,4,41.101125,28.2130575,,37.260000000000005,10.77,2025-07-02 23:16:00,2025-07-02 23:39:00,0.3833333333333333,Istanbul,clstrd_20250625_35d_turkey,Istanbul,2025-07-01
viirs,6,48.19638166666667,30.43355833333333,,36.42,6.76,2022-10-21 10:28:00,2022-10-21 11:17:00,0.8166666666666667,Kirovohrad,clstrd_20221001_180d_ukraine,Kirovohrad,2022-10-01
viirs,2,50.38464999999999,26.16191,,36.08,18.04,2023-03-23 11:01:00,2023-03-23 11:01:00,0.0,Rivne,clstrd_20221001_180d_ukraine,Rivne,2023-03-01
viirs,2,37.51809,35.532105,,36.06,19.38,2025-07-25 10:26:00,2025-07-25 10:48:00,0.3666666666666666,Adana,clstrd_20250625_35d_turkey,Adana,2025-07-01
viirs,4,45.88977249999999,33.723932500000004,,35.980000000000004,11.58,2023-02-25 09:55:00,2023-02-25 10:46:00,0.85,Crimea,clstrd_20221001_180d_ukraine,Crimea,2023-02-01
viirs,5,49.81136199999999,30.092804,,35.9,9.46,2022-10-05 00:41:00,2022-10-05 01:30:00,0.8166666666666667,Kiev,clstrd_20221001_180d_ukraine,Kiev,2022-10-01
viirs,4,51.736135,26.6985175,,35.51,10.56,2023-03-19 11:25:00,2023-03-19 12:17:00,0.8666666666666667,Rivne,clstrd_20221001_180d_ukraine,Rivne,2023-03-01
viirs,3,41.90535333333335,26.923293333333334,,35.37,18.4,2025-06-26 11:11:00,2025-06-26 11:33:00,0.3666666666666666,Edirne,clstrd_20250625_35d_turkey,Edirne,2025-06-01
viirs,3,41.48370333333333,27.31540333333333,,34.89,13.46,2025-07-12 11:34:00,2025-07-12 11:34:00,0.0,Kirklareli,clstrd_20250625_35d_turkey,Kirklareli,2025-07-01
viirs,3,50.31442333333334,28.601146666666665,,34.64,13.05,2023-03-22 12:08:00,2023-03-22 12:09:00,0.0166666666666666,Zhytomyr,clstrd_20221001_180d_ukraine,Zhytomyr,2023-03-01
viirs,2,51.306115000000005,31.487275,,34.6,23.88,2023-03-20 10:17:00,2023-03-20 10:17:00,0.0,Chernihiv,clstrd_20221001_180d_ukraine,Chernihiv,2023-03-01
viirs,2,49.246295,34.41236,,34.42,17.21,2023-03-23 10:08:00,2023-03-23 10:08:00,0.0,Poltava,clstrd_20221001_180d_ukraine,Poltava,2023-03-01
viirs,3,49.37540999999999,23.347853333333333,,34.21,14.3,2023-03-19 12:16:00,2023-03-19 12:16:00,0.0,L'viv,clstrd_20221001_180d_ukraine,L'viv,2023-03-01
viirs,2,49.46737499999999,23.728725000000004,,33.88,18.26,2023-03-23 11:49:00,2023-03-23 11:49:00,0.0,L'viv,clstrd_20221001_180d_ukraine,L'viv,2023-03-01
viirs,3,40.05617333333333,27.563513333333336,,33.63,11.21,2025-07-15 11:55:00,2025-07-15 11:55:00,0.0,Balikesir,clstrd_20250625_35d_turkey,Balikesir,2025-07-01
viirs,3,48.70195333333333,25.928473333333333,,32.550000000000004,11.49,2023-03-23 11:00:00,2023-03-23 11:00:00,0.0,Ternopil',clstrd_20221001_180d_ukraine,Ternopil',2023-03-01
viirs,4,50.04800499999999,34.060335,,31.66,9.94,2022-10-01 00:15:00,2022-10-01 00:15:00,0.0,Poltava,clstrd_20221001_180d_ukraine,Poltava,2022-10-01
viirs,3,40.39744666666667,35.17930666666667,,31.4,12.63,2025-07-11 11:29:00,2025-07-11 11:29:00,0.0,Çorum,clstrd_20250625_35d_turkey,Çorum,2025-07-01
viirs,4,48.60403,31.2024925,,31.379999999999995,9.29,2022-10-31 11:30:00,2022-10-31 11:30:00,0.0,Kirovohrad,clstrd_20221001_180d_ukraine,Kirovohrad,2022-10-01
viirs,3,36.99416333333333,37.05263,,31.23,10.95,2025-07-17 09:35:00,2025-07-17 09:58:00,0.3833333333333333,Kilis,clstrd_20250625_35d_turkey,Kilis,2025-07-01
viirs,2,51.06363499999999,33.932475,,30.9,15.45,2023-03-28 10:15:00,2023-03-28 10:15:00,0.0,Sumy,clstrd_20221001_180d_ukraine,Sumy,2023-03-01
viirs,3,45.36816666666666,34.285756666666664,,30.78,13.2,2023-03-07 10:07:00,2023-03-07 11:48:00,1.6833333333333331,Crimea,clstrd_20221001_180d_ukraine,Crimea,2023-03-01
viirs,4,36.232655,32.5189475,,30.53,10.6,2025-07-25 22:46:00,2025-07-26 00:49:00,2.05,Antalya,clstrd_20250625_35d_turkey,Antalya,2025-07-01
viirs,2,39.575525,32.10329,,30.45,17.08,2025-07-29 09:34:00,2025-07-29 09:34:00,0.0,Ankara,clstrd_20250625_35d_turkey,Ankara,2025-07-01
viirs,4,38.0688625,38.468245,,30.39,12.48,2025-07-29 09:33:00,2025-07-29 10:51:00,1.3,Adiyaman,clstrd_20250625_35d_turkey,Adiyaman,2025-07-01
viirs,4,50.38475,35.260275,,30.32,10.92,2022-12-06 11:05:00,2022-12-06 11:06:00,0.0166666666666666,Sumy,clstrd_20221001_180d_ukraine,Sumy,2022-12-01
viirs,4,48.7563725,32.761015,,29.7,8.78,2023-03-23 10:08:00,2023-03-23 11:00:00,0.8666666666666667,Kirovohrad,clstrd_20221001_180d_ukraine,Kirovohrad,2023-03-01
viirs,2,38.31755,31.12385,,29.59,17.18,2025-07-15 10:14:00,2025-07-15 10:14:00,0.0,Isparta,clstrd_20250625_35d_turkey,Isparta,2025-07-01
viirs,4,49.11195999999999,23.810305,,29.58,8.65,2023-03-10 11:44:00,2023-03-10 11:44:00,0.0,L'viv,clstrd_20221001_180d_ukraine,L'viv,2023-03-01
viirs,2,37.810855,38.612545,,29.57,18.09,2025-07-13 11:14:00,2025-07-13 11:14:00,0.0,Adiyaman,clstrd_20250625_35d_turkey,Adiyaman,2025-07-01
viirs,3,41.52261333333333,26.886903333333333,,29.450000000000003,11.6,2025-06-25 11:30:00,2025-06-25 11:52:00,0.3666666666666666,Edirne,clstrd_20250625_35d_turkey,Edirne,2025-06-01
viirs,2,37.77973,38.577035,,29.4,17.17,2025-06-28 09:14:00,2025-06-28 09:14:00,0.0,Adiyaman,clstrd_20250625_35d_turkey,Adiyaman,2025-06-01
viirs,3,36.87069666666667,37.53463333333334,,29.22,15.34,2025-07-01 11:16:00,2025-07-01 11:16:00,0.0,Gaziantep,clstrd_20250625_35d_turkey,Gaziantep,2025-07-01
viirs,3,49.42258333333333,30.429146666666668,,29.09,18.83,2022-11-01 10:22:00,2022-11-01 11:11:00,0.8166666666666667,Kiev,clstrd_20221001_180d_ukraine,Kiev,2022-11-01
viirs,2,41.890415,26.940755000000003,,28.82,15.18,2025-06-28 12:14:00,2025-06-28 12:14:00,0.0,Edirne,clstrd_20250625_35d_turkey,Edirne,2025-06-01
viirs,3,38.40358333333333,30.797110000000004,,28.57,12.11,2025-07-26 10:07:00,2025-07-26 11:48:00,1.6833333333333331,Afyon,clstrd_20250625_35d_turkey,Afyon,2025-07-01
viirs,2,49.96293,28.893420000000003,,28.52,14.7,2023-02-25 09:56:00,2023-02-25 09:56:00,0.0,Zhytomyr,clstrd_20221001_180d_ukraine,Zhytomyr,2023-02-01
viirs,2,38.53043999999999,35.811045,,28.44,18.17,2025-07-24 10:45:00,2025-07-24 10:45:00,0.0,Kayseri,clstrd_20250625_35d_turkey,Kayseri,2025-07-01
viirs,2,39.26173499999999,40.23996,,28.270000000000003,14.81,2025-07-14 10:32:00,2025-07-14 10:55:00,0.3833333333333333,Bingöl,clstrd_20250625_35d_turkey,Bingöl,2025-07-01
viirs,2,37.879595,42.169785000000005,,27.62,14.89,2025-06-26 11:09:00,2025-06-26 11:10:00,0.0166666666666666,Siirt,clstrd_20250625_35d_turkey,Siirt,2025-06-01
viirs,2,50.542585,30.659935000000004,,27.44,16.28,2022-10-10 09:44:00,2022-10-10 11:24:00,1.6666666666666667,Kiev,clstrd_20221001_180d_ukraine,Kiev,2022-10-01
viirs,3,49.75705,23.03717666666667,,27.38,12.96,2023-03-13 11:37:00,2023-03-13 12:29:00,0.8666666666666667,L'viv,clstrd_20221001_180d_ukraine,L'viv,2023-03-01
viirs,2,39.168795,39.04815,,27.36,21.97,2025-07-25 09:09:00,2025-07-25 10:49:00,1.6666666666666667,Tunceli,clstrd_20250625_35d_turkey,Tunceli,2025-07-01
viirs,2,48.66961499999999,31.021645,,27.28,13.64,2023-03-25 10:23:00,2023-03-25 10:23:00,0.0,Kirovohrad,clstrd_20221001_180d_ukraine,Kirovohrad,2023-03-01
viirs,4,37.8708375,38.4443475,,27.01,9.15,2025-07-03 09:20:00,2025-07-03 09:20:00,0.0,Adiyaman,clstrd_20250625_35d_turkey,Adiyaman,2025-07-01
viirs,3,37.31740333333334,28.07161333333333,,26.91,14.84,2025-07-25 10:26:00,2025-07-25 10:49:00,0.3833333333333333,Mugla,clstrd_20250625_35d_turkey,Mugla,2025-07-01
viirs,2,40.09448999999999,38.29034,,26.26,17.37,2025-07-29 10:51:00,2025-07-29 10:51:00,0.0,Sivas,clstrd_20250625_35d_turkey,Sivas,2025-07-01
viirs,3,51.20494,28.654476666666667,,26.090000000000003,9.53,2022-11-01 09:31:00,2022-11-01 10:22:00,0.85,Zhytomyr,clstrd_20221001_180d_ukraine,Zhytomyr,2022-11-01
viirs,2,37.09823,44.338085,,26.04,17.34,2025-07-02 09:38:00,2025-07-02 10:57:00,1.3166666666666669,Hakkari,clstrd_20250625_35d_turkey,Hakkari,2025-07-01
viirs,2,38.85777,41.619105000000005,,25.64,13.94,2025-07-24 10:45:00,2025-07-24 10:45:00,0.0,Mus,clstrd_20250625_35d_turkey,Mus,2025-07-01
viirs,2,38.62767,38.46101,,25.52,13.7,2025-06-25 11:29:00,2025-06-25 11:29:00,0.0,Elazığ,clstrd_20250625_35d_turkey,Elazığ,2025-06-01
viirs,2,38.776065,30.332140000000003,,25.51,16.72,2025-07-09 10:26:00,2025-07-09 10:26:00,0.0,Afyon,clstrd_20250625_35d_turkey,Afyon,2025-07-01
viirs,2,36.27929,33.801615,,25.46,14.13,2025-06-29 10:13:00,2025-06-29 10:13:00,0.0,Mersin,clstrd_20250625_35d_turkey,Mersin,2025-06-01
viirs,3,36.892696666666666,37.52981666666667,,25.02,10.68,2025-07-02 11:19:00,2025-07-02 11:19:00,0.0,Gaziantep,clstrd_20250625_35d_turkey,Gaziantep,2025-07-01
viirs,3,41.27648333333334,27.53464,,24.24,12.06,2025-07-13 10:52:00,2025-07-13 11:15:00,0.3833333333333333,Kirklareli,clstrd_20250625_35d_turkey,Kirklareli,2025-07-01
viirs,2,37.86294,29.299285,,24.07,13.96,2025-07-16 11:35:00,2025-07-16 11:35:00,0.0,Denizli,clstrd_20250625_35d_turkey,Denizli,2025-07-01
viirs,3,41.03948666666668,28.5393,,24.05,8.19,2025-07-12 11:11:00,2025-07-12 11:11:00,0.0,Istanbul,clstrd_20250625_35d_turkey,Istanbul,2025-07-01
viirs,2,37.03832,30.874265,,23.94,18.82,2025-07-25 22:46:00,2025-07-25 23:09:00,0.3833333333333333,Antalya,clstrd_20250625_35d_turkey,Antalya,2025-07-01
viirs,2,40.145965,27.936555,,23.8,16.67,2025-06-26 11:10:00,2025-06-26 11:33:00,0.3833333333333333,Balikesir,clstrd_20250625_35d_turkey,Balikesir,2025-06-01
viirs,2,40.19504499999999,32.22877,,23.450000000000003,12.73,2025-07-15 10:14:00,2025-07-15 10:14:00,0.0,Ankara,clstrd_20250625_35d_turkey,Ankara,2025-07-01
viirs,3,48.25776333333332,26.43936,,23.25,11.03,2023-03-13 11:36:00,2023-03-13 11:36:00,0.0,Chernivtsi,clstrd_20221001_180d_ukraine,Chernivtsi,2023-03-01
viirs,2,39.484255000000005,29.93906,,23.08,11.68,2025-07-25 12:07:00,2025-07-25 12:07:00,0.0,Kütahya,clstrd_20250625_35d_turkey,Kütahya,2025-07-01
viirs,2,39.61182,44.43088,,22.84,14.56,2025-07-23 11:04:00,2025-07-23 11:04:00,0.0,Agri,clstrd_20250625_35d_turkey,Agri,2025-07-01
viirs,2,38.02668999999999,33.388935000000004,,22.76,11.8,2025-07-18 09:40:00,2025-07-18 09:40:00,0.0,Aksaray,clstrd_20250625_35d_turkey,Aksaray,2025-07-01
viirs,2,40.026915,34.17858,,22.04,13.6,2025-07-17 11:17:00,2025-07-17 11:17:00,0.0,Kinkkale,clstrd_20250625_35d_turkey,Kinkkale,2025-07-01
viirs,2,38.62717000000001,34.87974,,22.02,11.75,2025-07-12 09:52:00,2025-07-12 09:52:00,0.0,Nevsehir,clstrd_20250625_35d_turkey,Nevsehir,2025-07-01
viirs,3,37.78699,34.45875,,21.81,7.61,2025-07-01 09:58:00,2025-07-01 09:58:00,0.0,Nigde,clstrd_20250625_35d_turkey,Nigde,2025-07-01
viirs,2,36.574755,33.088705000000004,,21.6,10.8,2025-07-03 11:00:00,2025-07-03 11:00:00,0.0,Karaman,clstrd_20250625_35d_turkey,Karaman,2025-07-01
viirs,2,51.104725,33.884755,,21.56,10.78,2023-03-23 10:09:00,2023-03-23 10:09:00,0.0,Sumy,clstrd_20221001_180d_ukraine,Sumy,2023-03-01
viirs,2,38.01769999999999,39.015555000000006,,21.29,11.86,2025-07-27 09:48:00,2025-07-27 09:48:00,0.0,Adiyaman,clstrd_20250625_35d_turkey,Adiyaman,2025-07-01
viirs,2,36.78324,37.601705,,21.24,12.39,2025-07-03 10:38:00,2025-07-03 11:00:00,0.3666666666666666,Gaziantep,clstrd_20250625_35d_turkey,Gaziantep,2025-07-01
viirs,3,48.247823333333336,26.20944,,21.18,10.76,2023-03-13 10:48:00,2023-03-13 11:36:00,0.8,Chernivtsi,clstrd_20221001_180d_ukraine,Chernivtsi,2023-03-01
viirs,3,48.31252333333333,26.149963333333336,,21.17,7.07,2023-03-19 11:24:00,2023-03-19 12:16:00,0.8666666666666667,Chernivtsi,clstrd_20221001_180d_ukraine,Chernivtsi,2023-03-01
viirs,3,49.31907666666666,23.52635,,20.91,6.97,2023-03-10 11:44:00,2023-03-10 11:44:00,0.0,L'viv,clstrd_20221001_180d_ukraine,L'viv,2023-03-01
viirs,2,41.113495,28.58075,,20.9,10.45,2025-07-08 11:08:00,2025-07-08 11:08:00,0.0,Istanbul,clstrd_20250625_35d_turkey,Istanbul,2025-07-01
viirs,2,38.394705,29.04726,,20.52,11.53,2025-07-20 12:01:00,2025-07-20 12:01:00,0.0,Usak,clstrd_20250625_35d_turkey,Usak,2025-07-01
viirs,3,40.81145,29.483373333333333,,20.15,9.43,2025-06-25 23:48:00,2025-06-26 00:10:00,0.3666666666666666,Kocaeli,clstrd_20250625_35d_turkey,Kocaeli,2025-06-01
viirs,2,39.189325,34.84366,,20.15,14.6,2025-07-17 09:59:00,2025-07-17 09:59:00,0.0,Nevsehir,clstrd_20250625_35d_turkey,Nevsehir,2025-07-01
viirs,2,38.36090499999999,41.350435,,19.72,10.19,2025-07-20 10:42:00,2025-07-20 10:42:00,0.0,Batman,clstrd_20250625_35d_turkey,Batman,2025-07-01
viirs,3,41.26215,31.427033333333338,,19.65,7.17,2025-07-19 10:39:00,2025-07-19 11:02:00,0.3833333333333333,Zinguldak,clstrd_20250625_35d_turkey,Zinguldak,2025-07-01
viirs,3,49.53014666666666,30.333006666666662,,19.41,6.65,2023-03-27 10:34:00,2023-03-27 10:34:00,0.0,Kiev,clstrd_20221001_180d_ukraine,Kiev,2023-03-01
viirs,2,38.196905,34.744235,,19.41,12.87,2025-07-07 09:46:00,2025-07-07 09:46:00,0.0,Nigde,clstrd_20250625_35d_turkey,Nigde,2025-07-01
viirs,3,37.49825333333333,42.04481666666667,,19.11,6.37,2025-07-04 22:39:00,2025-07-04 22:39:00,0.0,Sirnak,clstrd_20250625_35d_turkey,Sirnak,2025-07-01
viirs,2,38.45366,30.860025,,19.08,10.73,2025-06-26 23:30:00,2025-06-26 23:52:00,0.3666666666666666,Afyon,clstrd_20250625_35d_turkey,Afyon,2025-06-01
viirs,2,48.50284499999999,25.760915,,19.03,12.33,2023-03-12 10:15:00,2023-03-12 11:06:00,0.85,Chernivtsi,clstrd_20221001_180d_ukraine,Chernivtsi,2023-03-01
viirs,2,41.255185,31.41537,,18.71,9.58,2025-07-11 11:30:00,2025-07-11 11:53:00,0.3833333333333333,Zinguldak,clstrd_20250625_35d_turkey,Zinguldak,2025-07-01
viirs,3,48.677420000000005,27.234086666666663,,18.58,7.05,2023-03-23 11:00:00,2023-03-23 11:49:00,0.8166666666666667,Khmel'nyts'kyy,clstrd_20221001_180d_ukraine,Khmel'nyts'kyy,2023-03-01
viirs,2,49.31255999999999,23.417455000000004,,18.520000000000003,9.97,2023-03-18 11:43:00,2023-03-18 11:43:00,0.0,L'viv,clstrd_20221001_180d_ukraine,L'viv,2023-03-01
viirs,2,38.27965999999999,33.791165,,18.03,9.96,2025-07-02 10:57:00,2025-07-02 10:57:00,0.0,Aksaray,clstrd_20250625_35d_turkey,Aksaray,2025-07-01
viirs,2,41.2649,31.425265000000003,,17.79,9.65,2025-07-24 10:46:00,2025-07-24 11:08:00,0.3666666666666666,Zinguldak,clstrd_20250625_35d_turkey,Zinguldak,2025-07-01
viirs,2,36.26042,33.126245,,17.77,11.67,2025-06-30 09:54:00,2025-06-30 10:16:00,0.3666666666666666,Mersin,clstrd_20250625_35d_turkey,Mersin,2025-06-01
viirs,3,40.62800999999999,35.58943,,17.75,6.69,2025-07-28 11:33:00,2025-07-28 11:33:00,0.0,Amasya,clstrd_20250625_35d_turkey,Amasya,2025-07-01
viirs,3,39.256926666666665,34.61904333333333,,17.33,6.65,2025-07-01 09:58:00,2025-07-01 09:58:00,0.0,Kirsehir,clstrd_20250625_35d_turkey,Kirsehir,2025-07-01
viirs,2,48.80067,28.76753,,16.869999999999997,8.69,2023-03-15 10:10:00,2023-03-15 10:10:00,0.0,Vinnytsya,clstrd_20221001_180d_ukraine,Vinnytsya,2023-03-01
viirs,2,40.91226,29.376485,,16.85,9.86,2025-07-04 12:01:00,2025-07-04 12:01:00,0.0,Istanbul,clstrd_20250625_35d_turkey,Istanbul,2025-07-01
viirs,2,50.61319,30.88486,,16.52,8.26,2023-03-19 10:36:00,2023-03-19 10:36:00,0.0,Kiev,clstrd_20221001_180d_ukraine,Kiev,2023-03-01
viirs,2,41.264300000000006,31.42604,,16.23,8.96,2025-07-08 10:46:00,2025-07-08 11:08:00,0.3666666666666666,Zinguldak,clstrd_20250625_35d_turkey,Zinguldak,2025-07-01
viirs,2,48.924615,28.436705,,16.14,8.07,2023-03-09 11:11:00,2023-03-09 11:11:00,0.0,Vinnytsya,clstrd_20221001_180d_ukraine,Vinnytsya,2023-03-01
viirs,3,51.01062333333332,33.968666666666664,,16.09,5.93,2023-03-27 11:26:00,2023-03-27 11:26:00,0.0,Sumy,clstrd_20221001_180d_ukraine,Sumy,2023-03-01
viirs,2,41.262905,31.426635,,15.88,9.34,2025-07-23 09:47:00,2025-07-23 11:27:00,1.6666666666666667,Zinguldak,clstrd_20250625_35d_turkey,Zinguldak,2025-07-01
viirs,2,40.59129,34.925610000000006,,15.84,8.14,2025-07-26 11:48:00,2025-07-26 11:48:00,0.0,Çorum,clstrd_20250625_35d_turkey,Çorum,2025-07-01
viirs,2,41.262755,31.42539,,15.78,10.52,2025-07-04 10:43:00,2025-07-04 12:01:00,1.3,Zinguldak,clstrd_20250625_35d_turkey,Zinguldak,2025-07-01
viirs,2,39.661765,35.016845,,15.73,9.17,2025-06-26 11:33:00,2025-06-26 11:33:00,0.0,Yozgat,clstrd_20250625_35d_turkey,Yozgat,2025-06-01
viirs,2,37.37427,42.46081000000001,,15.56,8.06,2025-07-25 09:08:00,2025-07-25 09:08:00,0.0,Sirnak,clstrd_20250625_35d_turkey,Sirnak,2025-07-01
viirs,2,37.262845,27.69128,,15.5,8.36,2025-07-26 10:07:00,2025-07-26 10:07:00,0.0,Mugla,clstrd_20250625_35d_turkey,Mugla,2025-07-01
viirs,2,38.65342500000001,39.77492,,15.24,7.7,2025-07-09 09:08:00,2025-07-09 09:08:00,0.0,Elazığ,clstrd_20250625_35d_turkey,Elazığ,2025-07-01
viirs,2,50.01938,27.92117,,15.23,8.21,2023-03-22 10:28:00,2023-03-22 11:20:00,0.8666666666666667,Zhytomyr,clstrd_20221001_180d_ukraine,Zhytomyr,2023-03-01
viirs,2,48.40280999999999,26.33949,,15.0,9.1,2023-02-17 11:38:00,2023-02-17 11:38:00,0.0,Chernivtsi,clstrd_20221001_180d_ukraine,Chernivtsi,2023-02-01
viirs,2,50.741215,26.431895,,14.8,8.42,2023-03-17 09:33:00,2023-03-17 09:34:00,0.0166666666666666,Rivne,clstrd_20221001_180d_ukraine,Rivne,2023-03-01
viirs,2,37.25963,42.13382,,14.46,7.23,2025-07-05 22:43:00,2025-07-05 22:43:00,0.0,Sirnak,clstrd_20250625_35d_turkey,Sirnak,2025-07-01
viirs,2,39.36986999999999,30.13412,,14.28,7.14,2025-07-23 09:47:00,2025-07-23 09:47:00,0.0,Kütahya,clstrd_20250625_35d_turkey,Kütahya,2025-07-01
viirs,2,41.057545000000005,28.534620000000004,,14.27,8.12,2025-07-19 11:02:00,2025-07-19 11:02:00,0.0,Istanbul,clstrd_20250625_35d_turkey,Istanbul,2025-07-01
viirs,2,48.507745,25.77084,,14.08,7.04,2023-03-24 10:42:00,2023-03-24 10:42:00,0.0,Chernivtsi,clstrd_20221001_180d_ukraine,Chernivtsi,2023-03-01
viirs,2,50.208725,29.999815,,14.07,8.28,2022-11-09 10:21:00,2022-11-09 11:12:00,0.85,Kiev,clstrd_20221001_180d_ukraine,Kiev,2022-11-01
viirs,2,50.141145,29.368415,,13.94,7.16,2023-03-15 10:10:00,2023-03-15 10:10:00,0.0,Zhytomyr,clstrd_20221001_180d_ukraine,Zhytomyr,2023-03-01
viirs,2,50.8141,34.855410000000006,,13.91,8.47,2023-03-19 09:44:00,2023-03-19 10:36:00,0.8666666666666667,Sumy,clstrd_20221001_180d_ukraine,Sumy,2023-03-01
viirs,2,49.975165,28.39494,,13.9,6.95,2023-03-23 10:09:00,2023-03-23 10:09:00,0.0,Zhytomyr,clstrd_20221001_180d_ukraine,Zhytomyr,2023-03-01
viirs,2,41.266095,31.42797,,13.77,7.11,2025-07-15 10:14:00,2025-07-15 10:14:00,0.0,Zinguldak,clstrd_20250625_35d_turkey,Zinguldak,2025-07-01
viirs,2,37.645185,37.774815,,13.73,7.7,2025-07-18 10:57:00,2025-07-18 11:20:00,0.3833333333333333,Adiyaman,clstrd_20250625_35d_turkey,Adiyaman,2025-07-01
viirs,2,48.24285,24.722045,,13.66,7.68,2023-03-23 11:49:00,2023-03-23 11:49:00,0.0,Ivano-Frankivs'k,clstrd_20221001_180d_ukraine,Ivano-Frankivs'k,2023-03-01
viirs,2,41.24204499999999,36.466645,,13.6,7.27,2025-07-15 10:14:00,2025-07-15 10:14:00,0.0,Samsun,clstrd_20250625_35d_turkey,Samsun,2025-07-01
viirs,2,48.55508499999999,27.935385000000004,,13.56,7.34,2023-03-23 11:49:00,2023-03-23 11:49:00,0.0,Vinnytsya,clstrd_20221001_180d_ukraine,Vinnytsya,2023-03-01
viirs,2,41.685615,26.567735,,13.4,7.91,2025-07-17 11:40:00,2025-07-17 11:40:00,0.0,Edirne,clstrd_20250625_35d_turkey,Edirne,2025-07-01
viirs,2,50.08473,23.56066,,13.34,6.78,2023-03-18 10:03:00,2023-03-18 10:03:00,0.0,L'viv,clstrd_20221001_180d_ukraine,L'viv,2023-03-01
viirs,2,50.69954,25.024980000000003,,13.27,7.11,2023-03-18 10:55:00,2023-03-18 10:55:00,0.0,Volyn,clstrd_20221001_180d_ukraine,Volyn,2023-03-01
viirs,2,39.78072,33.607765,,13.09,7.12,2025-07-13 09:34:00,2025-07-13 09:34:00,0.0,Kinkkale,clstrd_20250625_35d_turkey,Kinkkale,2025-07-01
viirs,2,41.254405,31.4153,,13.06,7.37,2025-07-29 10:52:00,2025-07-29 11:15:00,0.3833333333333333,Zinguldak,clstrd_20250625_35d_turkey,Zinguldak,2025-07-01
viirs,2,41.26523,31.426795,,13.05,6.98,2025-07-17 11:17:00,2025-07-17 11:40:00,0.3833333333333333,Zinguldak,clstrd_20250625_35d_turkey,Zinguldak,2025-07-01
viirs,2,49.03946500000001,24.32891,,12.94,6.76,2023-03-18 10:03:00,2023-03-18 10:54:00,0.85,Ivano-Frankivs'k,clstrd_20221001_180d_ukraine,Ivano-Frankivs'k,2023-03-01
viirs,2,41.24266,36.465965,,12.72,7.21,2025-07-14 10:33:00,2025-07-14 10:56:00,0.3833333333333333,Samsun,clstrd_20250625_35d_turkey,Samsun,2025-07-01
viirs,2,48.39227,26.30592,,12.68,6.34,2023-03-24 10:42:00,2023-03-24 10:42:00,0.0,Chernivtsi,clstrd_20221001_180d_ukraine,Chernivtsi,2023-03-01
viirs,2,39.34219499999999,42.274185,,12.61,7.29,2025-07-19 11:01:00,2025-07-19 11:01:00,0.0,Mus,clstrd_20250625_35d_turkey,Mus,2025-07-01
viirs,2,50.94146,34.348205,,12.55,6.97,2023-03-23 11:01:00,2023-03-23 11:01:00,0.0,Sumy,clstrd_20221001_180d_ukraine,Sumy,2023-03-01
viirs,2,39.402665,33.49419,,12.489999999999998,6.64,2025-07-28 09:53:00,2025-07-28 09:53:00,0.0,Kinkkale,clstrd_20250625_35d_turkey,Kinkkale,2025-07-01
viirs,2,38.78116,40.548135,,12.46,6.23,2025-06-27 23:10:00,2025-06-27 23:10:00,0.0,Bingöl,clstrd_20250625_35d_turkey,Bingöl,2025-06-01
viirs,2,51.409334999999984,25.947615,,12.260000000000002,6.4,2023-03-18 11:43:00,2023-03-18 11:43:00,0.0,Rivne,clstrd_20221001_180d_ukraine,Rivne,2023-03-01
viirs,2,48.53935,26.764195,,12.2,6.1,2023-03-26 11:45:00,2023-03-26 11:45:00,0.0,Chernivtsi,clstrd_20221001_180d_ukraine,Chernivtsi,2023-03-01
viirs,2,36.900395,35.17373,,12.19,6.38,2025-07-09 10:48:00,2025-07-09 10:48:00,0.0,Adana,clstrd_20250625_35d_turkey,Adana,2025-07-01
viirs,2,40.07829500000001,34.346485,,12.16,6.58,2025-06-26 09:52:00,2025-06-26 11:10:00,1.3,Çorum,clstrd_20250625_35d_turkey,Çorum,2025-06-01
viirs,2,39.004115,39.619995,,11.92,5.96,2025-07-13 09:33:00,2025-07-13 09:33:00,0.0,Tunceli,clstrd_20250625_35d_turkey,Tunceli,2025-07-01
viirs,2,39.458835,32.037865,,11.9,6.52,2025-07-10 11:48:00,2025-07-10 11:48:00,0.0,Ankara,clstrd_20250625_35d_turkey,Ankara,2025-07-01
viirs,2,49.045115,24.48426,,11.79,6.54,2023-03-18 10:03:00,2023-03-18 10:03:00,0.0,Ivano-Frankivs'k,clstrd_20221001_180d_ukraine,Ivano-Frankivs'k,2023-03-01
viirs,2,39.3169,35.550195,,11.67,6.0,2025-07-24 11:08:00,2025-07-24 11:08:00,0.0,Yozgat,clstrd_20250625_35d_turkey,Yozgat,2025-07-01
viirs,2,49.98741,25.92845,,11.62,5.81,2023-03-23 11:01:00,2023-03-23 11:01:00,0.0,Ternopil',clstrd_20221001_180d_ukraine,Ternopil',2023-03-01
viirs,2,37.71952,38.67091,,11.62,5.98,2025-06-26 22:11:00,2025-06-26 22:11:00,0.0,Adiyaman,clstrd_20250625_35d_turkey,Adiyaman,2025-06-01
viirs,2,38.615835,29.69007,,11.0,5.8,2025-07-26 22:49:00,2025-07-26 22:49:00,0.0,Usak,clstrd_20250625_35d_turkey,Usak,2025-07-01
viirs,2,36.26438,33.725449999999995,,10.88,5.58,2025-07-27 22:31:00,2025-07-27 22:31:00,0.0,Mersin,clstrd_20250625_35d_turkey,Mersin,2025-07-01
